record_id,month,day,year,plot_id,species_id,sex,hindfoot_length,weight
1364,10,8,1978,14,DS,F,50,121
1736,4,28,1979,22,DS,M,50,76
28719,10,24,1998,22,DM,F,36,48
18080,12,15,1990,24,RM,F,17,14
34899,10,6,2002,6,PB,M,26,31
13650,11,21,1987,6,DO,M,35,51
4908,10,24,1981,10,NA,NA,NA,NA
26726,7,30,1997,8,DM,M,36,44
25205,3,15,1997,1,DO,M,35,54
29192,2,20,1999,19,PB,F,25,31
20845,5,22,1993,12,OT,F,17,17
22347,6,8,1995,11,DM,F,36,45
19938,4,5,1992,9,DM,F,37,49
2272,1,15,1980,11,PF,F,16,10
2531,2,25,1980,2,OL,F,23,41
26083,6,10,1997,9,DM,M,36,49
4275,4,6,1981,13,DM,F,NA,34
11679,7,3,1986,19,PM,M,19,12
10775,9,21,1985,17,NL,F,33,168
26490,7,9,1997,19,PB,M,27,30
29926,10,10,1999,13,PB,M,26,48
31841,3,4,2001,8,PP,F,22,NA
26736,7,30,1997,4,DM,M,36,43
32613,9,22,2001,12,DO,M,36,58
34723,9,10,2002,9,PP,F,22,18
17821,9,22,1990,6,OL,M,NA,30
28260,7,19,1998,9,DO,F,33,40
13641,10,25,1987,3,RM,M,18,10
10979,11,16,1985,21,SS,NA,NA,NA
29818,6,13,1999,16,PP,M,21,16
29914,10,10,1999,11,DM,M,33,57
1564,1,28,1979,9,DM,F,36,43
16485,9,4,1989,8,DM,M,37,44
13691,11,21,1987,20,NL,F,33,135
7321,2,26,1983,12,DO,M,35,48
22254,4,29,1995,19,NA,NA,NA,NA
6605,9,19,1982,17,OT,F,19,25
12527,4,4,1987,22,DS,M,51,124
18862,7,13,1991,6,PP,F,20,19
20826,4,24,1993,8,DM,F,38,51
7943,6,17,1983,24,DO,F,35,42
15492,2,4,1989,20,RF,F,18,16
18157,12,16,1990,16,RM,F,17,12
2428,2,24,1980,8,DO,F,33,47
19807,3,7,1992,1,DO,M,37,53
9494,8,26,1984,5,OL,M,19,28
16008,5,9,1989,24,RM,M,19,12
34120,5,16,2002,9,PP,F,22,18
30134,12,6,1999,9,PP,M,21,13
26215,6,11,1997,15,PP,F,22,21
35541,12,31,2002,15,PB,F,24,31
4649,7,8,1981,15,NL,M,NA,158
12400,3,2,1987,9,DO,F,36,57
18587,4,20,1991,11,DO,F,NA,63
5144,12,31,1981,8,DS,M,53,140
18614,4,21,1991,8,DM,M,36,36
31681,12,23,2000,6,OT,M,20,21
31855,3,24,2001,1,DM,F,35,47
27028,10,25,1997,12,DM,M,34,43
8331,9,10,1983,20,DS,M,51,146
17547,5,24,1990,17,NL,M,32,104
12344,3,1,1987,12,OL,F,22,25
22191,4,1,1995,22,NA,NA,NA,NA
19126,10,10,1991,1,PP,F,20,14
5266,1,24,1982,18,NL,F,32,195
10596,7,24,1985,1,DS,F,NA,NA
2829,4,17,1980,8,DS,M,NA,135
8618,11,12,1983,22,DM,M,37,43
28565,9,20,1998,3,PB,M,26,27
2139,10,25,1979,16,NA,NA,NA,NA
32261,7,22,2001,3,PB,M,26,33
28484,9,19,1998,12,PP,M,22,13
6571,9,18,1982,6,SS,NA,NA,NA
13659,11,21,1987,6,AB,NA,NA,NA
32795,9,23,2001,15,OT,F,20,NA
26256,7,9,1997,9,PP,F,20,21
15328,1,10,1989,12,OL,F,20,29
34996,11,9,2002,17,DM,M,33,47
9280,5,28,1984,5,DM,F,32,25
10933,10,13,1985,5,OL,F,20,26
1437,11,4,1978,10,NA,NA,NA,NA
18430,2,17,1991,3,OT,F,20,24
28172,7,18,1998,20,PP,F,22,18
6895,10,24,1982,9,DM,M,37,43
33808,4,16,2002,13,OT,F,21,22
32212,6,25,2001,21,PB,F,26,26
317,10,17,1977,17,DO,F,32,48
12107,12,14,1986,6,DO,M,36,NA
23444,2,25,1996,9,DM,M,38,50
31797,3,3,2001,19,PB,M,27,27
35053,11,9,2002,21,PB,F,25,25
19291,11,14,1991,3,RM,M,16,8
17979,11,10,1990,21,RM,M,16,8
26412,7,9,1997,18,PP,M,21,13
21156,10,15,1993,20,PF,F,17,9
13670,11,21,1987,24,DM,F,36,35
30162,1,8,2000,1,DM,M,36,50
8903,2,5,1984,2,DM,F,37,36
1085,7,8,1978,18,DM,M,36,24
3441,11,8,1980,13,DM,M,39,48
19891,4,4,1992,7,AB,NA,NA,NA
15314,1,10,1989,6,AB,NA,NA,NA
13150,7,26,1987,11,CB,NA,NA,NA
26846,9,27,1997,20,PM,M,20,26
35049,11,9,2002,21,PB,F,27,35
7481,3,14,1983,19,PM,M,21,26
27011,10,25,1997,18,SH,M,22,43
1087,7,8,1978,3,NL,M,34,190
18878,7,13,1991,13,PE,F,20,17
6189,7,25,1982,6,DS,F,NA,103
22121,3,4,1995,1,PF,M,16,7
10052,3,16,1985,16,DM,M,36,44
27882,5,28,1998,22,DM,M,37,42
23956,5,24,1996,15,PF,M,16,9
30059,12,5,1999,1,PB,M,26,29
16081,5,11,1989,15,RM,F,17,10
18088,12,15,1990,21,RM,M,18,12
18227,1,11,1991,21,AH,NA,NA,NA
14996,10,9,1988,11,DM,M,37,48
3288,9,7,1980,9,DS,F,48,110
10009,2,17,1985,11,OT,M,20,19
4905,10,24,1981,22,OT,M,19,24
13331,8,26,1987,13,SS,NA,NA,NA
4683,7,8,1981,9,DS,F,47,93
33189,11,18,2001,8,DO,F,36,42
10357,4,21,1985,2,DO,M,34,52
23044,12,2,1995,2,DM,M,37,43
12296,2,1,1987,5,DO,M,35,59
26243,7,9,1997,16,PB,M,27,32
33133,11,18,2001,4,DO,M,34,39
985,6,8,1978,19,NA,NA,NA,NA
8571,11,12,1983,14,DS,M,50,105
30019,11,7,1999,11,DM,M,34,27
15589,2,5,1989,3,NL,M,33,197
26634,7,29,1997,20,PF,M,15,8
12458,3,2,1987,2,NL,M,33,259
32664,9,22,2001,21,PB,F,26,30
27343,12,28,1997,2,OT,F,20,26
6390,8,15,1982,18,PM,M,20,18
26493,7,9,1997,21,PB,M,28,35
1481,12,2,1978,9,OL,F,21,29
18881,7,13,1991,15,PE,M,21,18
29695,5,16,1999,5,DM,M,38,57
2030,9,22,1979,20,DM,M,36,50
1308,10,6,1978,1,DS,F,49,NA
31059,7,2,2000,13,PB,F,25,29
18902,7,13,1991,4,OT,M,27,21
17342,3,30,1990,11,RM,M,18,10
7455,2,27,1983,23,RM,NA,NA,NA
11348,4,12,1986,12,DS,M,48,120
32537,8,26,2001,9,PP,F,23,15
17696,7,22,1990,4,DM,M,37,38
2085,10,24,1979,17,DM,M,38,46
9769,12,31,1984,4,DM,F,35,33
23986,5,24,1996,9,DM,M,37,41
7693,4,16,1983,19,RM,M,17,9
3095,6,23,1980,15,OT,M,NA,26
34341,6,16,2002,9,DM,F,36,48
17586,6,21,1990,21,SF,F,24,53
12161,12,15,1986,2,OL,M,19,29
812,4,9,1978,23,NA,NA,NA,NA
25082,2,9,1997,5,DM,F,36,42
28581,9,20,1998,5,PM,M,22,22
9478,8,25,1984,24,DM,M,37,39
23084,12,3,1995,11,DM,F,37,34
30315,2,5,2000,12,PB,M,26,33
5393,2,23,1982,4,DM,F,36,41
31989,4,21,2001,13,NA,NA,NA,NA
33463,2,9,2002,19,PB,F,26,27
11389,4,13,1986,15,AH,NA,NA,NA
22193,4,1,1995,24,NA,NA,NA,NA
6860,10,24,1982,22,DS,F,50,117
14682,7,14,1988,1,DM,M,37,42
32326,7,22,2001,13,PB,F,26,27
31279,8,26,2000,3,PB,M,28,31
15037,11,5,1988,24,NL,M,33,182
31783,1,22,2001,14,DM,F,36,42
24034,6,13,1996,12,PP,M,22,19
24210,7,20,1996,1,PP,M,23,19
23281,1,28,1996,4,DM,M,37,55
4698,7,30,1981,9,DS,M,51,73
8739,12,8,1983,21,NL,F,32,144
28386,8,22,1998,21,PP,M,21,16
1867,7,3,1979,9,DS,M,46,NA
32568,8,26,2001,14,DM,F,37,51
21433,3,11,1994,12,DM,F,36,41
23946,5,23,1996,18,PP,M,23,20
14299,3,21,1988,10,RM,M,17,10
28330,8,22,1998,2,PB,F,26,33
23775,4,15,1996,14,DM,M,37,50
29965,11,6,1999,18,PB,F,27,34
207,9,12,1977,16,DS,F,53,NA
10328,4,21,1985,5,DO,F,37,73
34045,5,15,2002,7,PP,F,22,16
11063,11,17,1985,2,DM,F,37,46
5090,12,30,1981,15,PE,F,23,18
9602,9,30,1984,5,AB,NA,NA,NA
25436,4,12,1997,21,PP,F,22,20
22837,10,28,1995,18,PF,M,16,10
24848,12,18,1996,19,PB,F,26,28
24428,9,21,1996,12,DM,M,36,50
28035,6,27,1998,12,OT,M,21,28
20493,10,19,1992,16,RM,F,15,11
2444,2,24,1980,9,DM,M,37,NA
5824,4,29,1982,5,DM,F,34,35
30430,3,4,2000,1,PB,F,26,31
7462,3,14,1983,24,PF,F,15,6
19002,8,8,1991,5,OT,F,20,45
15462,1,11,1989,7,PE,F,20,21
20293,8,30,1992,14,DS,M,50,125
19180,10,11,1991,11,DM,F,37,43
18334,2,16,1991,19,RM,M,16,9
20219,7,31,1992,6,PF,F,15,8
8590,11,12,1983,13,OL,F,21,31
2907,4,18,1980,14,DM,M,NA,45
9902,1,20,1985,5,DM,M,36,41
34345,6,16,2002,9,PP,M,21,10
28289,7,19,1998,9,DM,M,35,48
11982,11,15,1986,20,DM,F,33,35
30189,1,8,2000,18,AH,NA,NA,NA
19626,1,9,1992,5,OT,M,19,26
26489,7,9,1997,6,PP,M,21,14
4104,4,5,1981,9,DO,M,NA,49
7140,1,12,1983,24,AB,NA,NA,NA
2229,11,18,1979,18,DM,F,34,40
8385,9,11,1983,6,DS,M,54,144
15919,4,2,1989,7,PE,M,20,23
14788,8,9,1988,6,PP,F,20,11
17295,3,29,1990,7,PE,M,22,26
30050,11,7,1999,14,PP,M,21,13
6344,8,15,1982,11,PP,F,21,19
25365,3,16,1997,16,DM,M,35,50
18160,12,16,1990,14,DM,M,36,44
22912,10,28,1995,21,PF,F,15,9
17480,4,26,1990,3,RM,M,18,10
15488,2,4,1989,20,AB,NA,NA,NA
29899,10,9,1999,23,NA,NA,NA,NA
21058,8,19,1993,20,NA,NA,NA,NA
24184,7,20,1996,7,PP,F,24,22
7366,2,26,1983,12,DM,M,35,42
19392,12,7,1991,17,DM,M,37,50
22111,3,4,1995,7,AB,NA,NA,NA
25592,4,13,1997,11,OT,F,21,34
16779,12,4,1989,19,RM,M,18,12
33195,11,18,2001,13,PB,M,27,31
19739,2,8,1992,13,PE,M,21,24
27273,11,22,1997,7,PM,M,20,17
24432,9,21,1996,21,OT,M,22,15
13478,9,27,1987,4,DM,M,37,42
20235,7,31,1992,3,PP,M,21,12
4856,10,1,1981,8,PE,M,22,20
15545,2,4,1989,17,PE,M,21,18
8772,12,9,1983,6,DM,F,37,46
29115,1,17,1999,11,DO,F,36,53
5338,2,22,1982,12,NL,F,32,226
33046,11,17,2001,12,PE,M,20,22
18877,7,13,1991,8,DM,M,36,41
5780,4,29,1982,7,PM,NA,19,17
19066,9,10,1991,9,DM,M,38,51
15006,10,9,1988,5,OT,F,21,24
10402,5,23,1985,18,NL,M,31,136
26848,9,27,1997,17,NL,M,32,162
5775,4,29,1982,2,DS,M,49,74
19981,5,3,1992,4,DM,M,37,52
10014,2,17,1985,4,OL,F,20,36
14207,3,20,1988,21,SH,F,27,60
35404,12,29,2002,2,NL,F,30,NA
28052,6,27,1998,17,PP,M,21,18
29938,10,10,1999,16,PP,F,21,21
3631,12,16,1980,20,DM,F,35,44
16225,7,3,1989,18,PM,F,NA,15
5071,11,23,1981,2,PE,M,19,19
1552,1,28,1979,22,DM,F,37,37
33905,4,17,2002,15,PP,M,23,18
344,10,18,1977,3,NL,NA,NA,NA
29575,5,15,1999,2,PB,F,26,24
13475,9,27,1987,2,PP,F,23,18
25478,4,12,1997,12,DM,F,36,51
19268,11,14,1991,11,OT,M,20,24
27954,5,29,1998,4,DM,M,35,29
32497,8,26,2001,4,PF,F,16,8
1680,3,31,1979,14,DS,F,47,71
15757,3,13,1989,17,RM,F,17,11
18916,8,7,1991,20,PP,NA,NA,NA
18462,3,13,1991,18,AH,NA,NA,NA
2637,3,9,1980,12,OL,F,NA,38
13556,10,24,1987,22,DO,M,37,53
20827,4,24,1993,14,DM,M,38,36
33143,11,18,2001,4,PB,NA,28,47
17202,2,25,1990,11,DM,M,37,47
32749,9,23,2001,9,DM,M,35,42
18638,4,21,1991,7,RM,M,16,12
10292,4,21,1985,1,DM,M,33,29
11422,4,13,1986,1,DM,M,38,52
21386,2,20,1994,17,DM,M,39,42
16293,7,4,1989,16,PE,M,NA,21
19695,2,7,1992,3,PP,M,22,17
31374,9,30,2000,1,DM,M,35,42
19040,9,9,1991,2,OT,F,20,18
13132,7,26,1987,9,DS,F,NA,151
33823,4,16,2002,22,PB,F,28,31
34511,7,13,2002,22,PB,M,27,31
12824,5,28,1987,20,AH,NA,NA,NA
10895,10,13,1985,3,DM,F,36,47
29545,4,18,1999,8,DM,F,36,39
28166,7,18,1998,2,DS,F,51,113
21163,10,15,1993,7,AH,NA,NA,NA
18184,12,16,1990,11,DM,M,36,45
13401,9,26,1987,24,AH,NA,NA,NA
17708,7,22,1990,4,DM,F,32,19
25665,4,13,1997,4,PF,F,15,9
25653,4,13,1997,15,PP,F,22,24
31734,1,21,2001,17,DM,F,37,41
13885,1,23,1988,22,DS,F,51,144
9888,1,20,1985,9,DO,F,36,55
10168,4,20,1985,22,DO,M,34,45
32848,10,13,2001,18,PP,M,23,17
29020,12,23,1998,5,DM,F,36,45
34625,7,14,2002,13,OT,F,21,21
6955,11,21,1982,14,OL,M,NA,34
24281,8,14,1996,19,PB,F,23,23
20526,12,21,1992,24,RM,F,16,10
3593,12,15,1980,4,DM,M,35,48
32977,10,14,2001,8,PB,F,27,31
2840,4,17,1980,9,DS,F,NA,114
30332,2,5,2000,17,PB,M,26,38
30468,3,4,2000,18,PB,F,26,30
20463,10,18,1992,12,DM,F,35,44
32712,9,23,2001,4,PB,M,28,43
13933,1,24,1988,8,DO,M,37,53
20218,7,31,1992,8,DM,M,34,48
10575,7,23,1985,7,NA,NA,NA,NA
8147,7,17,1983,4,DM,F,35,53
7708,4,16,1983,22,DM,F,37,45
19407,12,7,1991,17,DO,F,36,51
17399,4,24,1990,22,PH,F,27,34
23134,12,21,1995,22,DM,M,38,57
11343,4,12,1986,14,DM,M,NA,52
21614,6,14,1994,17,DM,F,36,24
13160,7,26,1987,9,DM,M,NA,46
12695,4,26,1987,4,DM,M,37,50
12633,4,25,1987,12,OL,F,21,27
31242,8,25,2000,22,PB,F,27,43
22178,4,1,1995,17,DM,F,16,10
18591,4,20,1991,16,RM,F,NA,13
26824,9,27,1997,17,OT,F,21,29
33017,10,14,2001,16,OT,F,21,24
9211,5,27,1984,19,SA,NA,NA,NA
3463,11,9,1980,4,DM,F,35,39
3676,12,16,1980,8,PF,F,15,7
11970,11,15,1986,20,DO,F,35,46
2887,4,18,1980,16,OT,F,NA,22
27755,5,2,1998,24,PE,F,19,24
31045,7,2,2000,8,PP,F,20,14
20119,7,4,1992,5,PP,M,22,14
30555,3,5,2000,13,OT,M,20,25
5291,1,25,1982,13,PF,M,15,8
4203,4,6,1981,2,DS,M,NA,147
28580,9,20,1998,4,PP,F,22,17
15224,12,14,1988,13,RM,M,16,9
22036,1,13,1995,9,DM,F,37,37
5472,2,24,1982,2,DS,F,52,160
27107,10,26,1997,15,PM,F,20,14
23965,5,24,1996,15,DM,M,36,42
24254,7,21,1996,9,OT,M,20,32
13305,8,26,1987,1,DM,F,37,54
25495,4,12,1997,21,PF,M,15,9
3278,9,7,1980,8,DS,M,54,134
14145,2,22,1988,8,DM,M,37,55
32678,9,22,2001,22,PB,M,28,40
11216,12,8,1985,3,RM,M,17,9
25397,3,16,1997,14,DM,M,36,36
28593,9,20,1998,8,PP,M,20,13
7437,2,27,1983,21,SS,NA,NA,NA
10429,5,24,1985,8,DO,F,36,44
16429,9,3,1989,17,DO,F,35,23
22758,9,24,1995,4,PP,F,21,15
8786,12,9,1983,1,DM,M,35,40
18038,11,11,1990,8,DM,M,37,46
6870,10,24,1982,4,DM,F,37,38
23796,4,15,1996,13,PM,F,21,13
19022,9,9,1991,12,DM,M,34,42
19833,3,8,1992,8,DO,F,35,49
24699,11,16,1996,12,DM,F,33,35
5585,3,29,1982,2,DO,F,35,63
9937,2,16,1985,21,RM,M,16,4
20979,7,14,1993,20,PF,F,16,9
31604,11,26,2000,14,DM,M,34,35
25515,4,12,1997,2,PM,F,22,24
20197,7,30,1992,21,PP,M,21,23
13230,8,25,1987,21,PM,M,20,22
4345,4,6,1981,13,DS,M,NA,137
9689,10,21,1984,9,DM,M,36,40
971,6,8,1978,17,NL,F,32,135
7666,4,16,1983,17,DS,M,50,130
35500,12,31,2002,4,PB,F,25,28
4036,4,5,1981,22,DM,M,NA,38
31112,7,22,2000,12,DO,M,36,58
21854,10,13,1994,4,DM,F,37,42
5173,1,1,1982,2,DS,M,50,83
14876,9,11,1988,22,DM,M,37,47
5080,12,30,1981,15,PE,F,23,23
28639,9,21,1998,17,OT,M,20,22
9664,10,21,1984,5,OL,M,21,29
28026,6,27,1998,1,DM,M,34,21
28991,12,23,1998,11,DM,M,36,43
25771,5,10,1997,18,PM,F,20,28
3661,12,16,1980,19,PF,M,15,8
21875,11,1,1994,21,PF,F,16,7
2628,3,9,1980,4,DS,M,NA,124
31352,8,26,2000,14,DM,M,26,45
6264,7,26,1982,18,NL,M,NA,181
18010,11,10,1990,17,NL,F,33,180
18742,6,13,1991,1,DO,M,NA,NA
24951,2,8,1997,12,DM,M,37,40
27929,5,28,1998,17,DM,F,36,44
31004,7,2,2000,4,PB,F,24,31
5289,1,25,1982,4,DM,M,37,41
17663,7,21,1990,1,DO,F,36,58
34821,10,5,2002,12,PB,F,27,26
960,6,8,1978,12,DM,M,NA,19
30135,12,6,1999,9,DM,M,35,50
10542,7,23,1985,20,DM,F,34,40
33222,12,15,2001,1,DO,M,34,46
7549,3,15,1983,3,PF,M,16,6
24180,7,20,1996,21,PP,F,23,16
16197,6,4,1989,15,RM,M,17,12
4708,7,30,1981,4,DS,M,54,100
18720,5,14,1991,10,RM,M,16,13
26335,7,9,1997,24,PE,M,20,17
2103,10,24,1979,19,OL,M,21,27
33398,2,9,2002,1,DO,F,35,35
25542,4,12,1997,12,DM,F,35,42
5687,4,28,1982,19,AB,NA,NA,NA
30931,7,1,2000,12,DO,M,36,56
32301,7,22,2001,9,PP,F,22,11
6408,8,15,1982,22,DS,F,51,139
1241,9,3,1978,12,DM,M,34,37
1178,8,5,1978,16,DM,M,38,49
21151,9,17,1993,5,NA,NA,NA,NA
28883,11,22,1998,5,PE,F,19,27
13843,1,23,1988,12,DO,M,37,57
29293,2,21,1999,5,DM,M,37,47
5936,5,22,1982,9,DS,F,48,67
19478,12,8,1991,8,DM,M,35,42
27093,10,26,1997,9,DM,M,36,49
34376,6,16,2002,13,PB,F,26,37
4586,6,5,1981,20,DS,M,53,136
17300,3,30,1990,3,SH,M,30,82
28971,12,22,1998,24,PM,M,22,29
29286,2,21,1999,13,DM,F,37,44
23219,1,27,1996,24,PL,F,20,21
21214,11,13,1993,1,DM,M,35,38
15971,5,9,1989,20,RM,M,17,10
11682,7,3,1986,22,DM,F,36,48
28140,6,28,1998,16,PP,M,23,12
11685,7,4,1986,10,RM,M,16,12
17719,7,22,1990,11,DM,M,37,NA
20157,7,4,1992,8,DM,M,37,48
1106,7,8,1978,4,DS,M,51,91
22235,4,29,1995,2,DO,M,36,55
24004,5,24,1996,16,DM,F,41,NA
23075,12,3,1995,3,RM,M,17,10
30482,3,4,2000,22,PB,M,26,37
32039,5,26,2001,1,PB,M,27,31
23529,3,23,1996,22,PF,M,17,11
1193,8,5,1978,7,NA,NA,NA,NA
7413,2,27,1983,23,PM,M,19,18
35003,11,9,2002,17,PB,F,NA,NA
13075,7,25,1987,18,DM,F,NA,42
29620,5,15,1999,22,PB,M,26,30
34991,11,9,2002,2,NL,M,33,238
6452,8,16,1982,8,PE,F,19,21
30096,12,5,1999,21,PB,M,24,28
18566,4,19,1991,12,PP,F,22,19
33170,11,18,2001,11,DM,M,37,43
8425,10,15,1983,17,PF,M,16,7
2036,9,22,1979,21,PE,F,19,24
16600,11,4,1989,6,PE,F,21,25
18256,1,12,1991,13,PE,M,20,17
5401,2,23,1982,11,NL,M,34,198
31359,8,26,2000,15,PP,M,21,18
4952,10,26,1981,2,DM,F,37,38
21388,2,20,1994,17,DM,M,38,49
24499,9,22,1996,11,DM,F,35,33
12741,5,28,1987,16,PM,F,20,18
30465,3,4,2000,18,PB,M,26,41
28011,5,29,1998,11,AH,NA,NA,NA
25392,3,16,1997,16,RM,M,16,11
20547,12,21,1992,2,NA,NA,NA,NA
26811,9,27,1997,17,AH,NA,NA,NA
4032,4,5,1981,12,DO,M,NA,54
31142,7,22,2000,22,PB,F,27,25
21991,12,5,1994,7,NA,NA,NA,NA
30937,7,1,2000,19,PB,M,26,32
32380,8,25,2001,2,DM,F,36,49
21937,12,4,1994,12,DO,M,38,47
24547,10,12,1996,12,PP,M,22,16
28722,10,24,1998,22,PB,F,26,28
23831,4,15,1996,15,PF,M,15,12
3192,8,13,1980,19,PF,M,15,8
22860,10,28,1995,18,PF,M,16,10
13543,10,24,1987,22,OL,M,22,29
21831,10,12,1994,19,PF,M,16,9
3902,2,1,1981,2,DO,F,37,49
3223,8,14,1980,4,DS,M,49,137
13428,9,27,1987,16,PE,M,21,20
6853,10,24,1982,18,DM,M,34,40
23203,12,22,1995,9,DM,F,35,34
2317,1,15,1980,18,DO,F,36,51
16947,1,7,1990,14,DM,M,37,50
1959,7,26,1979,4,DM,F,34,23
7778,4,17,1983,7,RM,M,17,11
14596,6,12,1988,3,PE,F,21,25
30225,1,10,2000,3,PP,M,22,17
8791,12,9,1983,11,DM,F,37,31
24936,2,8,1997,21,RM,F,17,9
33557,2,10,2002,5,RM,F,17,9
23152,12,21,1995,22,DM,M,37,61
8583,11,12,1983,14,OT,M,20,28
8516,10,16,1983,6,NL,F,32,158
11282,3,8,1986,22,DS,M,51,12
31689,12,23,2000,9,AH,NA,NA,NA
24590,10,12,1996,1,DO,F,37,38
19419,12,7,1991,24,RM,M,16,12
22317,6,7,1995,18,NA,NA,NA,NA
4615,7,7,1981,24,DM,F,36,44
29217,2,20,1999,21,DM,M,34,45
35108,11,10,2002,3,PB,F,26,33
15084,11,5,1988,1,OL,F,21,30
29265,2,21,1999,9,DO,F,38,54
2009,8,23,1979,1,DS,M,50,144
16299,7,4,1989,3,SS,NA,NA,NA
22152,3,5,1995,11,DM,M,38,47
29009,12,23,1998,13,DM,F,36,39
3649,12,16,1980,13,NL,F,31,120
32014,4,22,2001,9,DM,F,37,53
30395,2,6,2000,8,PB,M,27,33
10585,7,24,1985,4,DS,M,49,119
16268,7,3,1989,19,PE,M,NA,21
15647,2,5,1989,9,DM,M,37,49
30631,4,30,2000,21,PB,M,26,21
19187,10,11,1991,9,PE,M,20,20
31399,9,30,2000,19,PB,M,26,35
33091,11,17,2001,21,PB,F,26,33
25778,5,10,1997,24,PE,M,22,26
32733,9,23,2001,11,DM,F,35,52
26343,7,9,1997,19,PM,M,21,17
22527,7,21,1995,4,PF,F,16,12
9791,1,19,1985,17,OT,F,20,16
5471,2,24,1982,2,DS,M,51,102
4359,5,3,1981,12,DM,M,35,60
34036,5,15,2002,22,PB,M,26,17
15078,11,5,1988,6,PE,F,19,20
10817,9,22,1985,4,DM,M,36,52
10843,10,12,1985,12,DM,M,38,46
11331,3,9,1986,10,RM,M,17,10
9012,4,9,1984,22,DS,F,50,115
5178,1,1,1982,2,PE,F,20,25
1188,8,5,1978,1,DS,M,51,70
24712,11,16,1996,18,RM,F,18,12
495,12,11,1977,17,NL,NA,NA,NA
10774,9,21,1985,23,RM,M,16,11
7849,5,14,1983,20,NL,F,31,151
33260,12,15,2001,18,PB,M,26,32
11647,7,3,1986,17,DM,F,35,36
1040,7,7,1978,12,DS,M,53,95
11049,11,17,1985,5,OL,F,21,30
22942,10,29,1995,13,PP,M,22,16
31145,7,22,2000,22,PB,F,25,33
11860,9,7,1986,3,OL,F,20,26
13568,10,25,1987,13,NL,F,32,190
29711,6,12,1999,12,PB,F,26,32
6664,10,23,1982,5,NL,F,32,205
22709,9,23,1995,17,DM,F,35,28
12506,4,4,1987,14,NL,F,34,210
7536,3,14,1983,13,DS,M,50,128
26683,7,30,1997,13,PB,M,25,29
10326,4,21,1985,11,DM,M,35,43
26481,7,9,1997,15,PP,F,22,22
9513,8,26,1984,13,DM,M,34,45
31673,12,23,2000,4,DM,M,35,54
22668,9,23,1995,24,RM,M,16,13
29006,12,23,1998,13,DM,M,37,49
7576,3,15,1983,5,DM,F,37,38
18376,2,16,1991,12,AH,NA,NA,NA
19437,12,7,1991,17,OT,F,19,24
30739,6,3,2000,2,DO,M,34,31
25736,5,10,1997,19,PP,F,21,20
24293,8,14,1996,17,DM,M,38,44
673,3,11,1978,2,PE,F,NA,29
32510,8,26,2001,6,PB,F,26,29
358,11,12,1977,13,PF,F,16,7
872,5,17,1978,20,DS,M,52,130
2569,3,9,1980,12,DM,M,NA,50
30287,2,5,2000,1,PB,F,26,35
27978,5,29,1998,6,OT,F,20,18
23187,12,22,1995,11,DM,M,37,48
8427,10,15,1983,18,NL,M,34,256
17334,3,30,1990,2,DO,M,36,54
32106,5,27,2001,6,OT,F,20,14
8005,6,18,1983,8,DS,F,49,133
14734,7,15,1988,9,DM,M,37,46
21669,7,8,1994,21,PP,M,22,18
1574,1,29,1979,13,OL,M,NA,39
6502,8,16,1982,10,RM,F,NA,13
1024,6,9,1978,4,DS,M,50,93
30513,3,5,2000,4,PB,F,25,30
27518,2,1,1998,14,DM,F,37,42
15330,1,10,1989,12,PE,M,21,22
28911,11,22,1998,13,OT,F,20,28
32387,8,25,2001,2,PP,M,22,18
1044,7,7,1978,22,DS,F,50,119
1398,11,4,1978,17,DS,F,50,120
11637,7,3,1986,17,DM,M,35,37
222,9,13,1977,1,DS,M,52,NA
16240,7,3,1989,12,AH,NA,NA,NA
13408,9,26,1987,22,DM,M,37,47
24718,11,16,1996,7,PM,F,19,21
15853,4,1,1989,2,PE,M,21,21
1619,2,24,1979,22,DM,M,36,50
4333,4,6,1981,24,DM,F,NA,46
13460,9,27,1987,5,OL,M,21,39
35138,11,10,2002,9,SS,NA,NA,NA
969,6,8,1978,21,PF,M,15,8
17541,5,24,1990,9,DM,M,36,45
23816,4,15,1996,3,OL,F,21,23
6078,6,29,1982,16,PE,M,NA,14
19959,5,2,1992,22,DS,F,50,112
8357,9,11,1983,4,NL,F,32,196
18205,1,11,1991,17,DM,F,36,40
29490,4,17,1999,24,PM,F,20,23
24054,6,13,1996,21,PP,M,22,17
14868,9,11,1988,22,DS,F,50,103
24267,7,21,1996,8,DO,M,38,54
17993,11,10,1990,12,DM,M,36,34
8632,11,13,1983,11,DS,F,47,98
34919,10,6,2002,8,OT,F,20,23
7163,1,12,1983,12,OL,F,20,28
28399,8,22,1998,22,PB,F,26,28
2453,2,25,1980,1,DM,M,37,51
23040,12,2,1995,17,DM,M,37,54
4315,4,6,1981,2,OT,F,NA,25
25883,5,11,1997,15,PM,F,19,23
9467,8,25,1984,12,OT,F,19,26
17579,6,21,1990,20,RM,F,16,8
21165,10,15,1993,17,DM,M,NA,NA
20852,5,22,1993,21,PF,F,16,9
27987,5,29,1998,13,PB,F,25,34
17276,3,29,1990,12,OT,F,20,24
32557,8,26,2001,8,PP,F,23,16
5469,2,24,1982,1,RM,M,15,9
8863,2,5,1984,15,RM,F,17,7
28683,10,24,1998,17,DM,M,36,47
25740,5,10,1997,19,RM,M,16,12
25398,3,16,1997,3,SS,NA,NA,NA
9587,9,30,1984,7,RM,F,16,13
33132,11,18,2001,4,DM,F,36,31
13223,8,25,1987,20,DM,F,35,44
8550,10,16,1983,9,DO,M,35,50
15472,1,11,1989,3,RM,M,17,10
17285,3,29,1990,7,RM,F,17,12
33954,5,15,2002,2,PB,M,26,17
28099,6,28,1998,14,PE,F,19,11
3046,6,22,1980,11,DS,M,52,109
25662,4,13,1997,16,RM,F,17,13
8131,7,17,1983,1,DS,F,50,117
33687,3,14,2002,11,PP,F,22,18
7801,5,14,1983,20,DM,M,36,NA
32344,7,22,2001,14,PP,M,23,13
5934,5,22,1982,2,DS,F,52,138
17580,6,21,1990,23,RM,M,16,9
16408,7,30,1989,4,DM,M,34,45
3045,6,22,1980,20,DS,F,52,151
22763,9,24,1995,14,DM,M,37,53
33105,11,17,2001,7,PP,M,23,17
22360,6,8,1995,13,OL,F,20,29
5346,2,22,1982,21,PF,F,14,4
7803,5,14,1983,24,PE,M,21,24
13030,7,1,1987,13,RM,F,17,10
7500,3,14,1983,11,DM,F,37,37
8274,9,10,1983,17,DM,F,34,25
19878,4,4,1992,24,OL,F,19,33
9845,1,19,1985,18,OL,M,20,31
23736,4,15,1996,11,PP,M,22,22
29641,5,16,1999,4,PM,M,21,23
8961,3,13,1984,2,DM,F,35,38
23781,4,15,1996,8,DO,M,35,49
13975,1,24,1988,13,NL,M,35,162
5635,3,30,1982,6,DS,M,51,101
33006,10,14,2001,15,PP,M,22,14
22228,4,29,1995,21,PP,M,21,20
20971,7,14,1993,19,PF,M,15,7
30346,2,5,2000,22,PB,F,26,39
18709,5,14,1991,4,DM,F,36,43
20439,10,18,1992,20,PF,M,16,8
1219,9,3,1978,9,DM,M,38,43
17570,5,25,1990,4,DM,M,36,22
24733,11,17,1996,15,RM,F,17,12
2025,9,22,1979,20,NL,F,31,152
30237,1,10,2000,6,PP,M,22,19
15,7,16,1977,6,DM,F,36,NA
15530,2,4,1989,19,PM,F,21,26
19906,4,5,1992,13,PH,M,22,18
26638,7,29,1997,22,AH,NA,NA,NA
294,10,17,1977,3,DO,F,37,50
31807,3,3,2001,17,OT,F,20,25
26825,9,27,1997,21,PB,F,26,28
12540,4,6,1987,10,RM,F,15,13
28532,9,19,1998,22,PB,M,26,25
14646,6,12,1988,2,NL,F,34,148
5992,6,28,1982,8,PF,NA,NA,NA
10444,5,24,1985,13,DS,F,50,139
25344,3,16,1997,3,OT,F,21,28
14813,8,10,1988,14,DM,M,36,44
9691,10,21,1984,11,DM,M,37,42
35511,12,31,2002,11,DX,NA,NA,NA
5621,3,30,1982,9,DS,M,NA,88
20481,10,19,1992,14,DS,M,50,120
2217,11,18,1979,13,DM,M,36,36
5258,1,24,1982,24,DO,M,34,42
17369,3,30,1990,8,DM,F,36,39
22769,9,24,1995,6,PF,M,16,10
31551,11,25,2000,21,PB,F,26,29
8966,3,13,1984,8,DO,F,35,52
34458,7,13,2002,19,PP,M,22,18
34740,9,10,2002,4,DO,F,37,57
11609,6,5,1986,11,DM,F,37,39
28511,9,19,1998,20,PF,F,14,7
3058,6,22,1980,24,NL,F,34,187
11958,10,5,1986,3,OL,M,21,32
13318,8,26,1987,11,DM,M,36,44
27647,3,2,1998,4,DM,M,37,NA
10967,11,16,1985,21,RM,M,16,9
24266,7,21,1996,11,OT,M,20,19
6871,10,24,1982,16,DM,F,35,35
33898,4,17,2002,14,DM,M,36,43
18152,12,16,1990,3,RM,F,15,11
28353,8,22,1998,17,PP,F,21,17
7065,11,22,1982,4,DS,M,51,133
15756,3,13,1989,20,RM,M,17,11
34251,6,15,2002,17,PP,F,21,17
2666,3,9,1980,20,DM,M,NA,46
31767,1,22,2001,6,OT,M,20,NA
30918,7,1,2000,2,PB,M,27,24
12601,4,6,1987,11,DM,M,37,50
6826,10,24,1982,18,DM,F,35,44
29957,11,6,1999,19,PB,F,26,41
7136,1,12,1983,12,DO,M,35,48
25787,5,10,1997,1,OT,F,20,20
6117,6,29,1982,12,DM,F,NA,33
30791,6,3,2000,22,PB,F,26,30
14698,7,15,1988,15,NL,F,33,143
27500,2,1,1998,13,OT,F,19,25
34537,7,14,2002,3,PB,M,27,42
26273,7,9,1997,15,PF,F,16,8
32589,9,22,2001,1,DM,M,36,42
21135,9,17,1993,11,DM,F,38,49
17359,3,30,1990,3,SH,F,31,77
15636,2,5,1989,11,OL,F,21,29
34391,6,16,2002,15,PB,M,26,17
7565,3,15,1983,6,DO,M,34,47
11281,3,8,1986,17,NL,NA,NA,185
12163,12,15,1986,11,DM,F,35,44
11789,8,10,1986,15,AH,NA,NA,NA
29095,1,17,1999,3,PB,F,26,29
12511,4,4,1987,19,RM,M,12,11
7844,5,14,1983,24,RM,F,20,9
10390,5,23,1985,21,DM,F,35,43
1256,9,4,1978,3,OT,M,21,27
20803,4,23,1993,23,NA,NA,NA,NA
13676,11,21,1987,14,PE,M,21,21
21830,10,12,1994,12,DM,F,37,38
34824,10,5,2002,12,PP,M,22,15
7378,2,27,1983,2,DS,M,52,141
10096,3,17,1985,5,DM,M,36,42
14473,5,14,1988,1,DS,F,49,82
7006,11,21,1982,13,DM,M,37,47
32133,5,27,2001,14,AH,NA,NA,NA
379,11,13,1977,14,DM,M,36,44
34309,6,16,2002,4,PB,F,26,27
8695,12,8,1983,12,OT,F,19,23
3673,12,16,1980,17,DO,F,35,59
34129,5,16,2002,8,PP,M,23,21
33892,4,17,2002,14,OT,F,20,27
34661,7,14,2002,16,OT,F,21,39
7465,3,14,1983,13,AB,NA,NA,NA
28796,11,21,1998,1,OT,F,20,23
29028,1,16,1999,1,DO,F,33,53
28797,11,21,1998,1,DO,M,37,58
5718,4,28,1982,21,PF,M,17,8
1176,8,5,1978,18,DM,F,33,36
33468,2,9,2002,19,PE,F,20,18
4554,6,4,1981,16,NA,NA,NA,NA
6677,10,23,1982,8,PF,M,16,7
1316,10,7,1978,21,OL,M,20,30
12961,7,1,1987,5,PM,M,18,12
33914,4,17,2002,21,PB,F,25,36
8609,11,12,1983,22,DM,F,37,38
19096,10,10,1991,24,AB,NA,NA,NA
7299,1,13,1983,3,DM,M,37,47
3579,12,15,1980,9,DS,M,48,139
8751,12,9,1983,11,DS,M,50,129
17514,5,24,1990,21,SF,F,26,51
20205,7,30,1992,2,OT,M,22,23
8387,9,11,1983,2,NL,F,32,138
32154,6,25,2001,1,DO,F,36,54
10391,5,23,1985,18,DM,M,35,46
19679,2,7,1992,3,PE,F,18,20
34365,6,16,2002,8,PP,F,22,18
32929,10,14,2001,6,PB,M,26,31
11622,6,5,1986,2,DO,F,37,57
34396,6,16,2002,15,PB,F,26,29
9327,7,4,1984,3,PP,M,23,18
18154,12,16,1990,13,RM,F,17,13
32216,6,25,2001,20,PB,F,27,37
11350,4,12,1986,14,DM,F,35,48
20396,9,27,1992,11,PP,F,20,17
1379,10,8,1978,14,DM,M,38,45
1099,7,8,1978,4,DS,F,49,81
1816,5,29,1979,19,NA,NA,NA,NA
13053,7,25,1987,6,DO,M,NA,44
6164,7,25,1982,1,OT,F,NA,26
17974,11,10,1990,12,OT,F,20,28
21232,11,13,1993,2,NL,M,35,154
26508,7,9,1997,6,PB,M,26,30
13990,1,24,1988,5,DO,F,37,44
25356,3,16,1997,4,PF,M,16,10
18067,11,11,1990,11,DM,F,37,42
3322,9,8,1980,14,DM,M,36,47
26768,7,30,1997,4,DM,F,36,44
34252,6,15,2002,17,PB,M,27,28
17238,2,25,1990,3,RM,F,17,13
7892,5,15,1983,3,DM,F,38,46
10795,9,22,1985,1,DM,M,36,40
16326,7,29,1989,24,OT,F,21,19
12979,7,1,1987,4,DM,F,35,26
32221,6,25,2001,20,PB,F,26,17
32725,9,23,2001,6,PB,F,26,30
2562,3,9,1980,2,DO,M,NA,55
11080,11,17,1985,4,DS,F,NA,120
13621,10,25,1987,5,OL,M,22,37
3860,1,31,1981,16,NA,NA,NA,NA
9305,7,3,1984,20,NL,F,33,116
20638,2,19,1993,18,RM,M,16,11
3171,7,22,1980,4,DS,M,49,136
26532,7,9,1997,6,RM,M,17,9
21552,4,11,1994,11,DM,M,32,43
24529,9,22,1996,13,PP,M,21,19
19756,3,7,1992,7,PE,M,21,20
29748,6,12,1999,20,PP,M,21,19
5997,6,28,1982,8,DO,F,NA,47
1055,7,7,1978,17,DS,M,51,132
5176,1,1,1982,5,RM,M,16,9
52,7,18,1977,12,DM,F,26,NA
7384,2,27,1983,23,RM,F,17,9
26821,9,27,1997,18,PB,F,26,28
31107,7,22,2000,2,PP,M,22,14
20456,10,18,1992,12,OL,F,20,21
1432,11,4,1978,11,OL,F,20,28
24800,12,18,1996,12,OT,F,20,20
15811,3,14,1989,9,DM,M,36,55
19121,10,10,1991,2,BA,M,13,6
11352,4,12,1986,16,RM,M,16,10
26635,7,29,1997,7,PP,M,21,11
18045,11,11,1990,15,RM,M,17,10
23864,4,15,1996,3,PP,F,21,16
33238,12,15,2001,2,NL,F,32,198
1705,3,31,1979,9,DS,F,48,71
12940,6,30,1987,12,PE,F,20,21
26541,7,10,1997,17,DM,M,38,39
24917,12,19,1996,5,PM,M,20,23
16864,12,5,1989,8,DO,F,36,45
11251,3,8,1986,12,DM,M,37,46
12796,5,28,1987,4,DM,M,37,51
7182,1,12,1983,15,OL,M,21,34
23242,1,27,1996,2,DO,M,36,54
14619,6,12,1988,11,SH,M,30,99
32289,7,22,2001,11,PB,M,27,26
20766,3,18,1993,9,DM,F,34,43
24014,6,13,1996,22,DM,F,37,51
5452,2,23,1982,14,DS,M,50,76
16719,11,5,1989,13,RM,F,16,10
24493,9,22,1996,14,DM,F,36,49
11439,5,10,1986,24,DM,F,37,39
24972,2,8,1997,1,DO,M,37,51
24966,2,8,1997,22,DM,M,37,41
27029,10,25,1997,19,PM,F,19,20
10117,3,17,1985,9,DM,F,35,42
3851,1,31,1981,13,DM,M,38,55
11262,3,8,1986,14,OL,F,20,27
25112,2,9,1997,10,RM,M,17,9
26066,6,10,1997,10,PM,F,21,16
11186,12,8,1985,2,DM,M,38,42
34787,10,5,2002,17,PB,F,26,29
35524,12,31,2002,9,PB,F,25,27
22358,6,8,1995,8,DM,M,37,51
21440,3,11,1994,22,DS,M,47,115
4458,5,4,1981,4,DS,F,54,133
14303,3,21,1988,8,DM,M,37,41
20556,12,22,1992,10,RM,NA,NA,NA
20897,6,18,1993,21,PF,M,14,7
18534,3,14,1991,4,DM,F,34,43
1874,7,3,1979,9,DM,F,36,NA
21717,8,17,1994,11,DM,M,36,31
2185,11,17,1979,24,RM,M,14,7
26950,9,28,1997,11,PM,M,21,20
10929,10,13,1985,8,DM,F,39,44
1025,6,9,1978,14,DM,M,35,28
19694,2,7,1992,21,RM,F,15,11
24739,11,17,1996,14,DM,M,33,33
6878,10,24,1982,14,DM,M,36,38
3371,10,12,1980,4,OL,F,20,32
28733,10,24,1998,24,PM,M,21,11
12399,3,2,1987,4,DM,M,37,49
21463,3,12,1994,11,DM,F,36,45
25180,3,15,1997,1,RM,F,16,13
1616,1,29,1979,15,NA,NA,NA,NA
29215,2,20,1999,21,PB,F,26,33
21190,10,16,1993,9,DM,M,36,45
3547,12,15,1980,2,DM,M,34,48
25491,4,12,1997,12,PP,M,21,16
24916,12,19,1996,13,PM,F,19,23
9235,5,27,1984,16,OL,M,22,39
32233,6,26,2001,6,NA,NA,NA,NA
26297,7,9,1997,17,PB,M,25,29
32298,7,22,2001,9,DM,M,37,49
10859,10,12,1985,14,OT,M,19,22
27530,2,1,1998,6,OT,F,20,21
4127,4,5,1981,22,DS,M,49,100
27811,5,3,1998,4,DM,F,36,40
18714,5,14,1991,9,DM,F,36,46
4966,11,22,1981,17,RM,M,18,10
11000,11,16,1985,12,DM,F,35,40
719,3,13,1978,18,DM,M,37,NA
20104,7,3,1992,7,AH,NA,NA,NA
13948,1,24,1988,1,DM,M,35,41
21137,9,17,1993,15,RM,M,17,11
31798,3,3,2001,18,RM,F,17,17
3510,11,9,1980,4,OL,F,21,17
28157,6,28,1998,3,PB,F,25,26
24163,6,14,1996,13,PP,M,23,13
3581,12,15,1980,10,DM,M,36,41
29268,2,21,1999,9,DM,M,38,53
11511,5,11,1986,1,DM,M,37,43
5215,1,24,1982,19,PM,M,21,24
17850,9,25,1990,2,DO,F,NA,35
31629,12,22,2000,2,PB,M,26,41
21747,8,18,1994,14,DM,M,36,48
32739,9,23,2001,11,DM,F,35,51
32671,9,22,2001,21,PB,F,26,NA
25562,4,13,1997,6,PB,F,26,38
9468,8,25,1984,17,DM,F,35,42
29051,1,16,1999,19,PB,F,25,30
31644,12,22,2000,18,PB,M,27,35
30667,4,31,2000,9,DM,F,34,39
35054,11,9,2002,21,PB,M,27,40
27034,10,25,1997,2,PB,M,27,45
4080,4,5,1981,14,OT,M,NA,29
18845,7,12,1991,19,RM,M,15,10
5305,1,25,1982,2,OT,M,19,24
13202,8,25,1987,22,DM,M,37,38
14372,4,18,1988,7,PE,F,20,27
16453,9,3,1989,20,NA,NA,NA,NA
28878,11,22,1998,4,DM,M,36,48
33671,3,14,2002,6,PB,F,27,25
20044,5,30,1992,22,DM,M,35,29
21713,8,17,1994,24,RM,F,16,10
8422,10,15,1983,18,OL,F,19,33
22268,4,30,1995,8,AH,NA,NA,NA
24876,12,19,1996,9,DM,M,37,51
29680,5,16,1999,14,DM,F,37,49
11952,10,5,1986,13,DM,M,35,51
25680,4,13,1997,14,DM,M,37,47
619,2,19,1978,14,DM,F,39,44
11128,12,7,1985,12,DM,F,36,38
18201,1,11,1991,2,DM,M,37,51
28416,8,23,1998,3,PB,F,25,30
8465,10,15,1983,19,PE,F,20,17
17773,8,17,1990,3,BA,F,15,9
20112,7,3,1992,7,RM,F,17,13
21181,10,16,1993,14,DM,M,37,33
16394,7,30,1989,4,DM,M,38,47
13872,1,23,1988,22,DM,M,37,46
2790,3,22,1980,2,DM,F,NA,59
35068,11,9,2002,24,RM,F,16,16
30877,6,4,2000,13,PB,M,26,18
18117,12,15,1990,2,OT,M,21,22
20099,7,3,1992,1,DO,M,36,56
29146,1,17,1999,15,RM,M,15,11
24190,7,20,1996,1,PP,M,23,10
25038,2,9,1997,3,DO,F,35,57
18199,1,11,1991,21,AH,NA,NA,NA
25134,2,9,1997,14,PL,M,21,23
11249,3,8,1986,12,DO,M,NA,NA
15662,2,5,1989,2,OL,M,22,41
6158,7,25,1982,4,DS,NA,NA,NA
1384,10,8,1978,13,DS,F,48,106
29528,4,18,1999,11,DM,F,35,44
20133,7,4,1992,11,DM,F,38,46
3116,6,23,1980,16,OT,F,NA,26
618,2,19,1978,14,DS,F,47,NA
22933,10,29,1995,5,PP,M,22,14
20606,1,24,1993,17,OL,F,20,28
10738,9,21,1985,6,DO,M,35,57
7592,3,15,1983,5,DM,M,NA,42
20913,6,18,1993,18,PP,F,23,24
34803,10,5,2002,18,PB,F,25,30
3722,1,11,1981,23,CQ,NA,NA,NA
24341,8,15,1996,6,PF,F,16,9
25802,5,10,1997,12,DM,F,36,48
26102,6,10,1997,9,DM,F,NA,NA
12947,6,30,1987,20,DM,M,35,42
8662,11,13,1983,8,DO,M,36,47
33049,11,17,2001,12,NL,M,33,280
6271,7,26,1982,12,DM,M,NA,33
20698,3,17,1993,7,RM,M,16,9
17044,1,29,1990,7,PE,M,22,19
35266,12,7,2002,21,PB,F,27,30
28576,9,20,1998,4,DM,M,36,38
24142,6,14,1996,3,PP,M,24,22
18343,2,16,1991,2,OT,M,21,27
4330,4,6,1981,8,DO,F,NA,48
21236,11,13,1993,2,DO,F,36,46
21362,2,2,1994,21,NA,NA,NA,NA
7670,4,16,1983,22,RM,F,17,10
11983,11,15,1986,14,DM,M,36,51
19207,11,13,1991,18,PF,NA,NA,NA
16232,7,3,1989,21,NL,M,NA,145
14350,4,17,1988,22,DM,M,37,48
11085,11,17,1985,11,DM,F,33,38
26146,6,11,1997,13,PM,M,21,18
26969,10,25,1997,20,PM,M,21,23
6351,8,15,1982,11,DS,M,51,98
5840,5,21,1982,20,DM,M,36,32
28098,6,28,1998,13,AH,NA,NA,NA
7194,1,12,1983,13,DS,M,49,125
28957,12,22,1998,20,PM,F,20,24
26840,9,27,1997,18,PM,M,22,27
31297,8,26,2000,4,PP,F,22,14
1865,7,3,1979,11,DS,M,50,91
34905,10,6,2002,11,DO,M,32,32
30082,12,5,1999,18,PB,F,24,33
31132,7,22,2000,18,PB,M,27,29
4858,10,1,1981,2,DS,F,52,151
33766,4,16,2002,12,DO,M,36,48
19511,12,8,1991,8,DO,F,35,47
359,11,12,1977,18,DM,M,36,40
4351,4,6,1981,11,DM,M,NA,21
16818,12,5,1989,5,RM,F,17,8
14139,2,22,1988,9,RM,F,16,8
16883,1,6,1990,12,RM,M,17,10
26958,10,25,1997,22,DM,M,35,50
9444,8,1,1984,4,SS,NA,NA,NA
25863,5,11,1997,11,DO,M,35,50
3454,11,9,1980,2,DM,F,35,38
3762,1,12,1981,9,DM,F,35,40
29218,2,20,1999,21,PB,F,25,33
12722,4,26,1987,8,PE,M,21,18
22210,4,2,1995,8,DO,F,36,53
34718,9,10,2002,9,PP,M,21,14
7396,2,27,1983,5,DM,F,35,48
2681,3,9,1980,20,DM,M,NA,42
2265,11,18,1979,12,DM,M,36,46
23126,12,21,1995,18,RM,M,16,9
2260,11,18,1979,11,PP,M,22,16
18983,8,8,1991,8,OT,M,22,26
27410,12,29,1997,6,PE,M,21,23
8169,8,15,1983,14,DM,M,35,44
20706,3,17,1993,2,DO,M,35,57
1047,7,7,1978,6,DS,F,50,85
10864,10,12,1985,17,DO,M,35,55
23218,1,27,1996,17,DM,M,37,25
17450,4,26,1990,8,DM,M,35,18
7915,5,15,1983,8,DS,F,51,118
28345,8,22,1998,12,PP,M,21,12
3740,1,12,1981,2,OT,M,20,27
5488,2,24,1982,2,AB,NA,NA,NA
4466,5,4,1981,4,PF,F,14,8
27686,3,29,1998,2,DM,M,35,43
16148,6,3,1989,22,PE,F,20,21
5552,3,29,1982,11,NL,M,34,212
14597,6,12,1988,4,OL,M,21,37
4631,7,7,1981,20,DM,F,34,46
13229,8,25,1987,18,OL,M,20,28
221,9,13,1977,3,DM,NA,NA,NA
7148,1,12,1983,12,DM,F,35,38
3212,8,13,1980,11,NL,M,31,83
1443,11,5,1978,5,OT,M,20,21
28284,7,19,1998,4,DM,F,35,52
88,8,20,1977,18,DM,F,35,45
2383,1,16,1980,2,OL,F,21,38
8236,8,16,1983,3,OT,F,20,22
5892,5,21,1982,24,DM,F,35,42
11361,4,12,1986,20,DM,M,38,42
5912,5,22,1982,4,OL,F,20,32
23328,1,28,1996,9,DM,M,38,56
20151,7,4,1992,9,DM,F,36,39
21472,3,12,1994,4,DM,F,37,47
6140,6,29,1982,18,DM,M,NA,30
15648,2,5,1989,8,OL,F,21,27
17453,4,26,1990,4,DM,M,37,47
22390,6,27,1995,17,PF,F,16,9
8629,11,13,1983,5,DM,M,37,52
24656,10,13,1996,6,OT,F,21,22
23824,4,15,1996,9,DM,M,35,39
25522,4,12,1997,2,PP,M,22,20
26486,7,9,1997,12,PP,F,23,14
2164,11,17,1979,3,PF,M,14,7
11781,8,10,1986,4,DM,M,37,NA
21814,10,12,1994,2,DM,M,38,43
5509,3,29,1982,21,RM,M,17,11
19894,4,4,1992,1,DO,M,36,NA
31712,1,21,2001,1,DM,M,37,43
15024,10,9,1988,8,DM,M,34,27
18400,2,17,1991,5,RM,F,16,12
17703,7,22,1990,9,DM,M,30,32
13869,1,23,1988,14,DM,M,33,43
33776,4,16,2002,11,DO,F,33,46
5435,2,23,1982,3,PF,F,16,8
26440,7,9,1997,20,PF,M,15,8
11636,7,3,1986,6,DO,M,34,45
7399,2,27,1983,1,DO,M,35,52
20096,7,3,1992,22,DS,F,47,120
35112,11,10,2002,3,PP,M,22,18
18860,7,13,1991,4,DM,M,39,41
28351,8,22,1998,17,DM,M,35,23
33915,4,17,2002,21,PB,F,26,33
31115,7,22,2000,12,DM,M,37,36
3565,12,15,1980,1,DS,M,53,154
34548,7,14,2002,4,PB,M,28,30
12583,4,6,1987,8,DS,F,49,125
31347,8,26,2000,13,PE,NA,NA,NA
21341,2,1,1994,22,NA,NA,NA,NA
31928,3,25,2001,15,PP,M,23,19
26502,7,9,1997,3,DM,M,35,46
146,8,21,1977,13,DM,F,36,40
25317,3,16,1997,13,PF,M,15,9
23814,4,15,1996,6,OL,M,19,27
11912,10,4,1986,12,DM,M,33,26
2743,3,9,1980,9,DM,F,NA,44
19196,10,11,1991,10,NA,NA,NA,NA
21838,10,12,1994,21,PF,F,16,7
30843,6,4,2000,11,PP,M,21,19
4930,10,25,1981,5,DM,F,36,42
17714,7,22,1990,4,DS,M,54,134
5225,1,24,1982,24,PE,F,20,21
19780,3,7,1992,24,PE,F,21,21
13863,1,23,1988,12,RM,M,16,9
12093,12,14,1986,12,DM,F,36,44
26986,10,25,1997,22,DM,M,35,39
2691,3,9,1980,20,DS,M,NA,134
5643,3,30,1982,9,AB,NA,NA,NA
9665,10,21,1984,4,DM,F,35,38
12099,12,14,1986,17,DO,F,34,51
3268,9,7,1980,8,OL,F,20,35
34372,6,16,2002,13,DO,F,36,41
13891,1,23,1988,18,DM,M,36,38
4475,5,4,1981,9,DS,M,51,137
26779,9,27,1997,20,NL,F,34,158
11743,8,9,1986,14,NL,F,31,101
1084,7,8,1978,4,DM,F,36,36
21367,2,3,1994,9,DM,F,38,37
19326,11,15,1991,6,DM,M,37,41
15754,3,13,1989,5,OL,F,22,31
26989,10,25,1997,21,PP,F,21,20
31581,11,26,2000,11,PB,M,26,28
14796,8,10,1988,2,NL,M,34,188
24172,7,20,1996,2,PP,M,22,17
8847,2,4,1984,14,DM,F,37,40
19258,11,14,1991,11,RM,M,16,9
33841,4,17,2002,2,PB,M,27,42
4523,6,4,1981,8,DS,M,55,128
19099,10,10,1991,17,DM,F,36,41
12137,12,15,1986,2,DM,M,37,49
27664,3,2,1998,11,DM,M,38,NA
2206,11,18,1979,10,OT,F,20,22
23403,2,24,1996,2,DM,M,35,47
33256,12,15,2001,18,SH,M,27,50
15957,4,2,1989,21,RM,M,17,10
20404,9,27,1992,8,DM,M,37,51
3906,2,1,1981,3,NA,NA,NA,NA
4506,6,4,1981,6,DS,F,46,64
22280,4,30,1995,9,DM,F,37,40
8560,11,12,1983,20,DS,F,51,123
7434,2,27,1983,5,DM,M,37,43
23709,4,14,1996,7,RM,F,17,11
8801,12,9,1983,9,DO,M,35,43
6744,10,23,1982,5,DM,M,37,49
29830,9,11,1999,20,PP,F,22,16
9421,8,1,1984,3,PE,M,20,21
34257,6,15,2002,17,AH,NA,NA,NA
26394,7,9,1997,9,PF,M,14,7
24415,9,21,1996,20,OT,M,20,21
8432,10,15,1983,17,DM,M,36,40
12225,1,31,1987,23,PM,M,22,28
3037,6,2,1980,7,DM,F,36,53
15252,12,14,1988,14,CB,NA,NA,NA
32280,7,22,2001,6,PP,M,22,15
1674,3,31,1979,13,DM,F,36,37
32415,8,25,2001,18,PB,F,26,26
26140,6,11,1997,21,PF,M,15,9
703,3,12,1978,17,DS,M,NA,NA
59,7,18,1977,19,DM,M,33,NA
31643,12,22,2000,18,OT,M,20,NA
33097,11,17,2001,22,PB,F,27,31
2890,4,18,1980,3,RM,F,NA,12
25807,5,10,1997,1,PP,F,21,22
27780,5,2,1998,2,OT,M,19,29
5030,11,23,1981,14,DM,M,36,34
9091,5,12,1984,13,DM,M,36,44
26842,9,27,1997,2,OT,M,21,26
15307,12,14,1988,15,RM,M,17,11
33581,3,13,2002,2,DM,M,36,50
34859,10,5,2002,20,PB,M,26,48
6414,8,15,1982,19,PM,F,21,27
9792,1,19,1985,6,DO,M,35,48
2811,3,22,1980,4,DS,M,48,81
455,12,10,1977,7,NA,NA,NA,NA
29985,11,6,1999,21,PP,M,22,13
7897,5,15,1983,11,DM,M,37,45
11542,5,11,1986,15,RM,F,17,18
14766,8,9,1988,1,NL,M,33,207
7906,5,15,1983,3,PF,M,16,9
19242,11,13,1991,12,DM,F,36,41
28475,8,23,1998,16,PM,NA,NA,NA
21626,6,14,1994,17,DM,F,37,41
19501,12,8,1991,14,DM,M,36,40
13630,10,25,1987,2,NL,F,30,176
14215,3,20,1988,14,DM,M,39,56
3930,3,8,1981,11,DS,M,52,135
696,3,12,1978,5,DM,F,37,45
1367,10,8,1978,6,DS,F,52,110
506,1,8,1978,2,NL,NA,NA,NA
1811,5,29,1979,17,DO,M,33,29
593,2,18,1978,2,DM,M,38,52
34527,7,13,2002,24,PP,F,21,15
15375,1,10,1989,6,RF,M,16,13
31640,12,22,2000,19,PB,M,27,28
8565,11,12,1983,17,DM,F,36,37
24084,6,14,1996,14,DM,F,38,46
34604,7,14,2002,9,PE,F,20,21
32055,5,26,2001,22,PB,F,26,33
7752,4,17,1983,6,DO,F,36,61
4100,4,5,1981,22,DM,F,37,53
23974,5,24,1996,3,PP,F,23,26
7234,1,12,1983,7,NA,NA,NA,NA
15161,11,6,1988,3,OT,M,21,24
29918,10,10,1999,9,DM,M,35,51
16995,1,29,1990,12,NL,F,31,197
17336,3,30,1990,11,DO,M,37,NA
19214,11,13,1991,1,DM,M,36,51
14845,8,10,1988,14,CB,NA,NA,NA
10992,11,16,1985,17,DO,M,37,50
1645,2,25,1979,3,OT,M,21,26
286,10,16,1977,20,DS,M,50,NA
31185,7,23,2000,4,PB,F,25,29
34545,7,14,2002,3,PB,M,26,31
5482,2,24,1982,8,DO,M,36,51
29125,1,17,1999,9,DM,M,35,53
6866,10,24,1982,16,RM,M,17,10
28122,6,28,1998,11,DM,M,37,44
22963,10,29,1995,15,PF,M,15,8
19215,11,13,1991,2,OL,F,18,25
28672,10,24,1998,12,DO,M,36,52
28869,11,22,1998,3,PB,M,26,41
32700,9,23,2001,3,PB,F,25,28
5292,1,25,1982,2,OL,M,21,42
20514,10,19,1992,11,DM,M,36,45
24237,7,21,1996,4,DM,M,40,51
9117,5,12,1984,16,DO,M,37,56
32945,10,14,2001,11,PB,F,27,30
33019,10,14,2001,7,NA,NA,NA,NA
26340,7,9,1997,17,PM,M,20,21
6631,9,19,1982,18,OT,F,19,28
1043,7,7,1978,17,DM,M,36,47
10825,9,22,1985,11,DO,M,37,40
30709,4,31,2000,13,OT,F,20,29
30167,1,8,2000,1,DO,M,35,41
939,6,8,1978,8,DS,F,51,110
21805,9,7,1994,8,DM,M,38,52
33906,4,17,2002,15,PB,F,27,43
4441,5,4,1981,13,DM,F,36,39
32458,8,25,2001,21,PB,M,28,NA
14922,9,12,1988,5,SS,NA,NA,NA
7046,11,22,1982,2,DS,M,52,136
34163,5,16,2002,14,DM,M,35,48
8736,12,8,1983,19,RM,M,17,4
2208,11,18,1979,11,DO,F,31,42
7218,1,12,1983,12,DS,F,49,110
4034,4,5,1981,17,DS,F,NA,147
19666,2,6,1992,2,RM,F,17,8
23848,4,15,1996,9,PE,F,20,22
26100,6,10,1997,8,PP,M,21,12
4314,4,6,1981,18,DM,F,NA,46
25597,4,13,1997,14,DM,M,37,52
15774,3,13,1989,5,PE,M,20,21
1152,8,5,1978,13,DM,F,37,41
34144,5,16,2002,8,PB,F,26,18
16367,7,30,1989,3,PP,M,20,17
31501,9,31,2000,16,OT,F,20,NA
18345,2,16,1991,22,DS,F,47,112
21451,3,11,1994,1,NA,NA,NA,NA
23793,4,15,1996,8,DO,M,38,29
17654,7,21,1990,1,UP,NA,NA,NA
34464,7,13,2002,18,PB,F,26,27
12926,6,30,1987,14,PM,M,20,22
6219,7,26,1982,14,DM,F,NA,44
31701,12,23,2000,13,OT,M,21,23
24586,10,12,1996,20,PB,M,27,31
15921,4,2,1989,20,RF,F,17,13
19324,11,15,1991,14,DM,F,36,39
26898,9,28,1997,16,PM,M,21,20
21077,8,20,1993,11,DM,M,36,25
31661,12,22,2000,22,PB,M,28,32
3519,11,9,1980,12,DS,M,52,138
9944,2,16,1985,22,DM,M,34,43
26244,7,9,1997,22,PP,F,22,15
27885,5,28,1998,20,PF,F,15,7
33464,2,9,2002,19,PB,F,26,31
31838,3,4,2001,9,DM,F,36,45
26722,7,30,1997,6,OT,M,20,24
26074,6,10,1997,12,PP,F,22,19
13351,9,26,1987,13,NL,F,34,182
24524,9,22,1996,8,OT,F,21,25
14467,5,14,1988,17,OT,F,19,29
2726,3,9,1980,22,DS,M,NA,141
17516,5,24,1990,8,DM,M,36,32
2191,11,17,1979,17,NL,M,31,153
25462,4,12,1997,2,DO,M,36,46
8653,11,13,1983,1,DM,F,35,34
4181,4,5,1981,22,PF,F,NA,8
5831,4,29,1982,15,OT,F,19,26
18288,1,12,1991,5,PP,F,21,15
8470,10,15,1983,21,NL,F,31,131
25880,5,11,1997,15,AH,NA,NA,NA
26755,7,30,1997,9,DM,M,35,47
19945,5,2,1992,17,DM,M,38,50
14810,8,10,1988,11,DM,M,39,40
7999,6,18,1983,3,SS,NA,NA,NA
405,11,14,1977,12,DS,NA,NA,NA
25010,2,8,1997,1,DO,F,35,47
31292,8,26,2000,4,PB,M,27,29
30370,2,6,2000,4,PB,M,25,35
27701,3,29,1998,2,DM,M,34,45
4322,4,6,1981,8,DO,F,NA,49
29497,4,18,1999,3,PB,F,26,28
6750,10,23,1982,19,PF,M,16,8
1853,7,3,1979,12,DS,M,51,105
30785,6,3,2000,21,PB,F,25,35
18311,1,12,1991,10,RM,M,17,13
6824,10,24,1982,2,DM,M,37,43
21142,9,17,1993,9,DM,M,37,39
590,2,18,1978,2,PF,F,16,7
10806,9,22,1985,11,DM,M,37,53
23193,12,22,1995,9,DO,F,39,NA
25363,3,16,1997,11,PF,M,16,7
30736,6,3,2000,2,PB,F,25,33
1561,1,28,1979,22,OL,M,19,35
20830,4,24,1993,9,DM,M,37,35
30784,6,3,2000,21,PB,F,26,24
17062,1,30,1990,13,RM,M,17,10
7995,6,17,1983,23,NA,NA,NA,NA
32611,9,22,2001,12,PP,F,22,17
18826,7,12,1991,18,PP,F,21,24
28500,9,19,1998,19,PP,M,22,14
1781,5,29,1979,9,DS,F,51,136
10431,5,24,1985,5,DM,F,35,39
20685,2,26,1993,9,DM,F,34,47
12794,5,28,1987,24,AB,NA,NA,NA
33213,11,18,2001,16,DM,M,36,55
31386,9,30,2000,2,DM,F,35,45
8200,8,15,1983,20,DM,F,35,30
18911,8,7,1991,2,OT,M,21,20
9234,5,27,1984,21,RM,F,17,9
6475,8,16,1982,14,DM,F,33,34
10676,8,19,1985,24,DM,F,35,33
31863,3,24,2001,12,PP,M,22,20
3583,12,15,1980,4,DM,M,36,46
265,10,16,1977,9,DM,M,38,49
12892,6,30,1987,14,DM,M,35,28
27222,11,22,1997,18,SH,M,27,57
5203,1,24,1982,12,AB,NA,NA,NA
1743,4,28,1979,12,DM,M,37,34
28606,9,20,1998,13,PB,F,25,32
20995,7,14,1993,12,DM,M,36,26
1842,5,30,1979,15,PP,M,22,20
20160,7,4,1992,8,DM,M,39,50
5206,1,24,1982,20,DO,M,37,38
22708,9,23,1995,22,DM,F,32,42
21222,11,13,1993,17,DM,M,36,48
31737,1,21,2001,17,OT,M,20,20
31377,9,30,2000,1,OT,M,20,25
26288,7,9,1997,18,PP,F,22,22
11613,6,5,1986,13,DM,M,38,48
19173,10,11,1991,11,RM,M,15,7
31858,3,24,2001,2,DM,M,37,53
31351,8,26,2000,14,DM,F,35,39
4465,5,4,1981,6,DS,F,50,123
12255,2,1,1987,5,OL,M,20,28
8430,10,15,1983,22,DM,F,36,41
15591,2,5,1989,15,NL,F,NA,NA
15227,12,14,1988,9,RM,M,17,11
20582,1,24,1993,17,DM,M,36,53
27832,5,3,1998,14,DM,F,36,43
22448,7,20,1995,7,RM,M,17,12
6100,6,29,1982,13,DO,F,34,38
22680,9,23,1995,19,PP,F,21,15
1678,3,31,1979,14,DS,F,NA,132
24368,8,15,1996,3,PP,M,22,17
21670,7,8,1994,23,RM,M,17,10
30763,6,3,2000,18,PB,M,26,18
11304,3,9,1986,2,DM,M,36,48
3209,8,13,1980,22,DS,F,49,113
31859,3,24,2001,2,DM,F,36,60
29662,5,16,1999,8,SS,NA,NA,NA
11671,7,3,1986,14,DM,F,35,39
31008,7,2,2000,4,PP,M,22,16
35240,12,7,2002,19,DM,M,36,46
13458,9,27,1987,7,CB,NA,NA,NA
29642,5,16,1999,4,DM,M,37,43
24286,8,14,1996,12,SS,NA,NA,NA
370,11,12,1977,9,DM,M,35,40
21342,2,1,1994,24,PU,NA,NA,NA
34965,10,6,2002,16,PP,M,22,20
5987,6,28,1982,7,PE,F,NA,23
21724,8,17,1994,21,PF,F,15,7
17211,2,25,1990,14,PC,NA,NA,NA
17985,11,10,1990,21,RM,F,16,14
27818,5,3,1998,9,DM,F,35,50
25056,2,9,1997,6,RM,M,17,10
34318,6,16,2002,6,DO,M,36,43
27372,12,29,1997,14,DM,F,37,42
26033,6,9,1997,1,DO,F,35,47
11233,3,8,1986,6,DM,F,37,52
7715,4,17,1983,2,DM,M,36,45
24100,6,14,1996,14,PF,M,17,7
16136,6,3,1989,18,RM,M,16,10
31328,8,26,2000,8,PP,F,22,18
29577,5,15,1999,2,DM,M,37,46
8116,7,17,1983,6,DM,M,36,46
25149,2,9,1997,5,RM,F,17,11
7062,11,22,1982,5,DM,M,34,42
29777,6,13,1999,4,OT,F,20,28
21729,8,17,1994,20,PF,M,16,9
25379,3,16,1997,15,PF,F,15,6
11950,10,5,1986,13,NL,M,32,176
23224,1,27,1996,17,DM,F,39,49
14727,7,15,1988,13,PE,M,22,24
6375,8,15,1982,6,DS,F,52,112
13138,7,26,1987,11,DM,M,NA,45
9747,12,30,1984,10,NA,NA,NA,NA
5996,6,28,1982,9,DS,M,NA,125
30787,6,3,2000,21,PP,M,20,10
11430,4,13,1986,4,DM,M,36,42
29571,5,15,1999,2,PB,F,26,18
23018,12,2,1995,12,PF,F,15,6
4695,7,30,1981,18,OT,F,21,18
27217,11,22,1997,15,PM,F,20,22
1449,11,5,1978,5,DS,M,52,132
15309,12,14,1988,8,DM,M,34,42
3888,2,1,1981,9,DO,F,36,41
16085,5,11,1989,9,DM,M,37,48
30241,1,10,2000,11,DM,M,35,43
4030,4,5,1981,1,DM,M,NA,52
16635,11,4,1989,22,DS,F,50,115
4889,10,24,1981,20,OL,M,21,26
25485,4,12,1997,17,DM,F,35,44
29085,1,16,1999,20,OT,F,19,21
6766,10,23,1982,12,DS,M,51,120
21313,12,15,1993,13,OT,M,20,19
20707,3,17,1993,12,DM,M,37,51
4704,7,30,1981,4,DM,F,37,37
18999,8,8,1991,9,DM,M,38,40
10639,8,19,1985,18,DM,F,34,50
35131,11,10,2002,6,PB,F,26,24
343,10,18,1977,21,PF,NA,NA,NA
12822,5,28,1987,18,DM,F,35,41
6245,7,26,1982,15,PF,F,NA,7
6262,7,26,1982,24,DM,F,NA,40
10863,10,12,1985,14,NL,F,31,119
33359,1,12,2002,18,PB,M,27,32
2739,3,9,1980,1,DM,F,NA,45
13600,10,25,1987,9,DS,F,53,148
19630,1,9,1992,13,OT,M,20,35
34133,5,16,2002,8,DM,F,34,43
1343,10,7,1978,11,PF,F,15,6
22556,8,26,1995,1,PP,NA,NA,NA
20659,2,19,1993,22,RM,F,16,NA
17052,1,30,1990,2,DO,F,35,30
18082,12,15,1990,21,RM,F,17,12
10311,4,21,1985,1,DM,M,35,44
726,3,13,1978,18,DM,F,NA,37
21566,5,18,1994,19,PF,M,16,9
22124,3,4,1995,7,RM,M,17,10
33258,12,15,2001,18,RM,M,11,16
19709,2,7,1992,20,RM,M,17,9
6341,8,15,1982,18,DS,M,48,95
7246,1,13,1983,2,DM,M,36,40
30748,6,3,2000,12,DO,M,36,47
22055,2,4,1995,1,OL,F,20,25
4422,5,4,1981,13,DM,F,35,41
3918,3,8,1981,20,DM,M,36,44
13965,1,24,1988,11,PE,F,21,26
9886,1,20,1985,9,DM,M,36,38
584,2,18,1978,3,OT,M,NA,24
22672,9,23,1995,2,PP,F,18,13
29070,1,16,1999,17,DM,F,35,42
29191,2,20,1999,19,PB,F,26,33
1496,12,2,1978,9,DM,F,36,41
16838,12,5,1989,3,RM,F,16,10
10099,3,17,1985,8,DS,M,49,154
7684,4,16,1983,22,DS,M,50,128
30711,4,31,2000,14,DM,M,35,44
13978,1,24,1988,9,DM,M,36,44
8945,3,12,1984,20,DM,M,37,39
22908,10,28,1995,17,PF,M,14,9
24201,7,20,1996,7,PP,F,23,17
13118,7,26,1987,13,RM,F,NA,11
17581,6,21,1990,7,RM,F,16,9
26353,7,9,1997,5,OT,M,20,26
34982,11,9,2002,2,PB,F,27,27
24461,9,22,1996,6,PP,F,21,15
6580,9,18,1982,6,AB,NA,NA,NA
623,2,19,1978,21,OT,NA,NA,NA
18002,11,10,1990,23,AH,NA,NA,NA
12094,12,14,1986,12,DM,M,35,38
13638,10,25,1987,4,DM,M,36,42
20377,9,27,1992,9,DX,NA,NA,NA
31891,3,25,2001,4,PF,M,17,8
14378,4,18,1988,8,DS,M,54,150
18041,11,11,1990,4,DM,F,37,42
19731,2,7,1992,24,PE,F,22,22
31130,7,22,2000,18,PB,F,26,27
16219,7,3,1989,12,RF,M,19,15
32680,9,22,2001,22,DM,M,36,56
29035,1,16,1999,2,PE,M,20,18
23765,4,15,1996,8,SS,NA,NA,NA
20680,2,26,1993,6,RM,M,16,12
22714,9,23,1995,21,PP,F,22,16
14794,8,10,1988,2,DM,M,35,24
29949,11,6,1999,2,PP,F,22,13
7553,3,15,1983,2,DM,M,37,43
29255,2,21,1999,6,OT,M,21,28
11564,6,4,1986,6,DO,M,37,55
884,5,18,1978,18,DS,M,49,102
20465,10,18,1992,7,RM,F,NA,NA
12469,4,4,1987,16,RM,F,12,12
10208,4,20,1985,24,DM,F,38,51
32821,10,13,2001,2,OT,M,20,22
7403,2,27,1983,22,DS,M,48,122
9299,7,3,1984,24,DO,M,34,45
7723,4,17,1983,2,DM,F,37,39
15038,11,5,1988,20,NL,F,32,110
24968,2,8,1997,12,DM,F,35,42
29761,6,12,1999,24,PM,M,19,19
21917,11,2,1994,4,DM,M,37,45
18220,1,11,1991,24,RM,M,17,10
24052,6,13,1996,2,PB,M,26,26
25948,6,9,1997,24,NL,F,34,147
7754,4,17,1983,1,DS,F,52,123
14141,2,22,1988,3,PE,F,21,21
19745,2,8,1992,13,OL,NA,NA,NA
28688,10,24,1998,17,DM,M,37,41
34946,10,6,2002,14,OT,M,18,19
1223,9,3,1978,22,DS,F,50,128
26303,7,9,1997,9,DO,M,36,48
13950,1,24,1988,15,RM,M,17,9
24615,10,13,1996,14,DM,M,30,26
11087,11,17,1985,5,DO,M,36,NA
27613,3,2,1998,8,DO,M,35,NA
22412,6,28,1995,5,PP,M,22,16
23616,3,24,1996,3,PF,F,16,8
20635,2,19,1993,17,DM,M,33,51
579,1,10,1978,5,DM,F,NA,45
6075,6,29,1982,24,RM,M,NA,10
13163,7,26,1987,3,PP,F,NA,19
32067,5,26,2001,17,DM,F,36,41
7114,11,22,1982,11,DS,F,51,111
16647,11,4,1989,22,PE,M,21,17
27937,5,29,1998,6,OT,M,20,21
29927,10,10,1999,13,OT,F,20,29
1168,8,5,1978,15,NL,F,31,196
550,1,9,1978,14,DM,F,36,40
903,5,18,1978,14,DM,M,35,NA
32987,10,14,2001,13,PB,M,28,47
2398,1,16,1980,6,DM,M,38,40
28600,9,20,1998,9,DM,F,36,38
12539,4,6,1987,13,DS,F,50,135
21902,11,1,1994,1,PF,F,16,7
30250,1,10,2000,9,DM,M,35,27
26694,7,30,1997,11,PP,M,22,15
5989,6,28,1982,6,PF,M,NA,6
20381,9,27,1992,5,PE,F,17,17
3203,8,13,1980,8,DS,M,53,134
30772,6,3,2000,17,DM,F,35,43
33969,5,15,2002,12,DM,F,36,53
1970,8,21,1979,24,DM,F,36,41
34136,5,16,2002,8,PP,F,22,18
29470,4,17,1999,17,DM,F,34,39
7856,5,14,1983,17,DO,M,37,36
11942,10,5,1986,11,DM,F,35,42
12900,6,30,1987,14,OL,M,20,31
29261,2,21,1999,11,DO,F,35,49
3897,2,1,1981,2,DM,M,37,49
1189,8,5,1978,4,DS,F,50,119
12288,2,1,1987,2,PE,F,21,22
10860,10,12,1985,17,DM,F,37,40
7349,2,26,1983,17,DM,F,37,41
30800,6,3,2000,24,RM,M,17,10
26119,6,10,1997,7,PP,F,22,11
23668,4,14,1996,19,PF,M,16,8
31137,7,22,2000,17,DM,M,37,45
32687,9,22,2001,7,PP,M,22,19
1768,4,29,1979,2,DM,M,39,43
27658,3,2,1998,8,DM,F,36,NA
31534,11,25,2000,18,PB,M,24,32
31618,12,22,2000,1,OT,M,20,24
19316,11,14,1991,21,RM,F,14,7
29610,5,15,1999,21,PB,F,26,32
17553,5,25,1990,6,PP,M,20,19
26814,9,27,1997,1,OT,F,21,23
4412,5,3,1981,7,NA,NA,NA,NA
29112,1,17,1999,6,PM,M,21,21
3295,9,8,1980,4,PP,F,22,16
5932,5,22,1982,5,DM,M,36,36
32640,9,22,2001,17,OT,M,22,NA
15448,1,11,1989,2,DO,F,37,57
18417,2,17,1991,4,DM,M,37,49
6980,11,21,1982,17,DS,M,49,116
17604,6,21,1990,1,DM,M,36,43
9412,7,31,1984,21,NA,NA,NA,NA
9428,8,1,1984,3,NL,M,34,206
18051,11,11,1990,11,DM,F,37,38
5882,5,21,1982,13,DM,F,36,40
15731,3,13,1989,13,RM,M,17,11
1967,8,21,1979,20,DS,F,51,148
17288,3,29,1990,22,DS,M,51,134
6129,6,29,1982,23,DM,M,NA,41
25136,2,9,1997,8,DO,M,36,51
4378,5,3,1981,20,DS,F,NA,145
12931,6,30,1987,24,DM,F,37,44
34297,6,16,2002,3,DM,M,36,53
8598,11,12,1983,18,DM,M,35,40
21464,3,12,1994,14,DM,M,37,44
4935,10,25,1981,13,NL,M,35,177
28571,9,20,1998,3,PB,M,25,23
29837,9,11,1999,23,NA,NA,NA,NA
8520,10,16,1983,11,RM,M,15,9
17472,4,26,1990,10,RM,M,17,10
25798,5,10,1997,12,NL,M,31,70
9256,5,28,1984,8,DO,F,35,56
15678,3,12,1989,1,RM,M,16,10
25366,3,16,1997,8,DO,F,34,46
30215,1,8,2000,22,DM,F,34,28
30316,2,5,2000,12,DM,F,33,33
28448,8,23,1998,9,DM,M,38,48
22219,4,2,1995,11,DM,M,34,33
15958,4,2,1989,20,RM,M,17,10
32736,9,23,2001,11,PP,F,22,17
26798,9,27,1997,2,DO,M,36,51
30530,3,5,2000,9,SH,M,29,77
27046,10,25,1997,23,PM,M,19,21
5572,3,29,1982,22,DM,M,37,48
10633,8,19,1985,14,DM,M,37,50
17615,6,22,1990,14,DM,F,33,19
17002,1,29,1990,6,PF,F,16,9
445,12,10,1977,9,OL,NA,NA,NA
32927,10,14,2001,4,DM,M,34,37
263,10,16,1977,1,DM,M,37,40
26253,7,9,1997,20,PP,F,23,17
22748,9,24,1995,11,PP,M,22,19
203,9,12,1977,11,DM,M,38,46
19935,4,5,1992,9,DM,M,36,45
31877,3,24,2001,17,DM,M,38,45
16933,1,7,1990,9,DO,M,35,52
23502,3,23,1996,22,PF,M,16,8
29397,3,15,1999,9,PP,M,23,18
14361,4,17,1988,23,RF,F,17,13
3305,9,8,1980,1,DM,F,NA,47
15548,2,4,1989,12,DO,M,36,51
4048,4,5,1981,22,DM,M,NA,40
17529,5,24,1990,8,DM,M,35,30
16498,10,7,1989,2,PE,M,21,21
10645,8,19,1985,24,DM,F,35,48
35191,12,7,2002,1,DO,F,33,24
30862,6,4,2000,9,OT,F,20,31
11536,5,11,1986,11,DM,F,34,NA
6577,9,18,1982,3,PF,M,16,8
34004,5,15,2002,17,DM,F,36,46
28467,8,23,1998,14,DM,F,35,40
17141,2,24,1990,1,DO,M,39,39
967,6,8,1978,22,DS,F,49,99
19140,10,10,1991,17,OT,F,17,22
9072,5,12,1984,20,DO,F,36,59
12481,4,4,1987,14,SS,NA,NA,NA
31336,8,26,2000,8,PB,F,25,26
19298,11,14,1991,3,RM,F,17,9
8277,9,10,1983,12,NL,F,32,158
35499,12,31,2002,4,PB,F,27,28
26208,6,11,1997,23,RM,M,17,11
9184,5,13,1984,9,DO,M,37,55
17064,1,30,1990,3,OT,F,21,22
11826,9,6,1986,18,DM,F,35,44
23798,4,15,1996,8,PP,M,23,20
19454,12,7,1991,17,RM,F,16,9
15377,1,10,1989,16,RM,F,17,14
2083,10,24,1979,9,DM,F,32,45
29630,5,16,1999,3,PB,F,27,35
33991,5,15,2002,19,PP,F,22,18
11197,12,8,1985,2,DM,F,37,44
12861,5,28,1987,19,PM,M,19,25
1875,7,3,1979,20,DS,M,46,43
5308,1,25,1982,5,DM,F,35,41
33199,11,18,2001,13,PB,M,27,50
7661,4,16,1983,24,DO,M,36,52
32692,9,22,2001,24,NL,M,29,185
9344,7,4,1984,15,NL,F,32,135
15912,4,1,1989,3,SH,F,29,86
31311,8,26,2000,11,OT,F,21,24
21612,5,19,1994,16,NA,NA,NA,NA
23205,12,22,1995,11,DM,M,35,48
75,8,19,1977,8,DM,F,32,22
2753,3,21,1980,1,PF,F,14,7
34335,6,16,2002,11,DO,F,35,44
15181,12,13,1988,21,NL,F,33,141
21853,10,13,1994,14,DM,M,36,42
9407,7,31,1984,17,NL,M,30,93
11413,4,13,1986,7,RM,F,NA,NA
32374,8,25,2001,1,DO,F,36,54
23413,2,25,1996,9,OL,M,23,26
22329,6,8,1995,14,DM,F,37,52
30578,3,5,2000,16,DO,M,33,41
10526,6,16,1985,4,DS,F,49,69
29831,9,11,1999,20,NL,F,33,189
17328,3,30,1990,4,DM,F,36,44
28137,6,28,1998,8,PP,F,21,17
34749,9,10,2002,6,AH,NA,NA,NA
21898,11,1,1994,17,DM,F,36,42
12726,4,26,1987,9,DM,F,37,49
10574,7,23,1985,12,NL,NA,70,NA
232,9,13,1977,9,DS,M,48,NA
31823,3,4,2001,4,PB,M,26,39
27769,5,2,1998,12,DM,F,36,44
17188,2,25,1990,4,DM,M,37,49
15158,11,6,1988,11,PE,F,21,20
3882,2,1,1981,6,DS,F,51,133
22171,4,1,1995,17,DM,M,38,53
23382,2,24,1996,12,DM,F,37,40
17726,7,22,1990,3,PF,M,15,8
2184,11,17,1979,2,NL,F,30,186
26923,9,28,1997,4,DM,M,36,51
25190,3,15,1997,22,DM,M,36,56
26162,6,11,1997,21,PM,M,21,21
14241,3,20,1988,24,DM,M,37,48
27869,5,28,1998,21,PB,F,26,35
9821,1,19,1985,24,DM,M,36,39
30687,4,31,2000,11,PP,M,22,15
21553,4,11,1994,10,RM,F,16,10
14179,2,22,1988,11,DM,F,35,34
27773,5,2,1998,20,PF,F,16,11
16608,11,4,1989,23,RM,M,17,8
8983,4,9,1984,17,DM,M,37,47
25094,2,9,1997,9,PL,F,21,22
29835,9,11,1999,7,NA,NA,NA,NA
8133,7,17,1983,11,DM,M,37,47
25005,2,8,1997,1,DO,M,36,49
7858,5,14,1983,23,PE,M,20,19
5851,5,21,1982,12,DM,F,37,42
13682,11,21,1987,20,OL,F,21,23
29165,2,20,1999,1,DM,M,35,51
172,9,11,1977,22,PF,F,NA,8
805,4,9,1978,17,DS,F,47,142
20598,1,24,1993,17,DM,M,36,40
675,3,11,1978,6,NA,NA,NA,NA
4752,7,31,1981,7,NA,NA,NA,NA
23809,4,15,1996,6,DO,M,35,23
8677,11,13,1983,3,PM,M,22,21
15603,2,5,1989,5,PE,M,21,20
10828,9,22,1985,3,PP,F,22,16
31190,7,23,2000,4,DM,M,32,32
7221,1,12,1983,18,RM,M,17,9
30719,4,31,2000,3,PB,M,26,27
16973,1,7,1990,9,DM,F,36,35
30802,6,3,2000,23,NA,NA,NA,NA
16420,9,3,1989,17,DO,F,36,66
5309,1,25,1982,14,OL,M,22,40
4128,4,5,1981,22,DS,F,NA,134
31012,7,2,2000,6,PB,F,25,26
12396,3,2,1987,11,DS,F,47,115
29512,4,18,1999,4,DM,F,36,45
35179,11,10,2002,15,PB,F,25,22
797,4,9,1978,17,DS,M,50,142
21084,8,20,1993,4,DM,F,35,42
24607,10,13,1996,15,OT,M,21,21
14601,6,12,1988,3,PP,F,22,23
24696,11,16,1996,22,DM,F,37,47
19565,1,8,1992,2,DO,F,36,48
185,9,11,1977,12,OX,F,19,NA
23487,2,25,1996,13,PF,M,15,10
32762,9,23,2001,8,DO,M,37,53
8528,10,16,1983,12,OT,M,20,26
9097,5,12,1984,12,DM,F,36,38
26669,7,30,1997,16,PE,M,21,17
20554,12,22,1992,4,DM,M,32,NA
19759,3,7,1992,2,DO,F,36,46
17647,6,22,1990,4,DM,F,34,19
17054,1,30,1990,9,DO,M,36,51
26910,9,28,1997,15,PB,F,26,30
4311,4,6,1981,2,OL,F,NA,38
29595,5,15,1999,18,PB,F,26,33
33282,12,15,2001,21,PB,F,26,30
5005,11,22,1981,18,PM,F,21,24
19387,12,7,1991,7,RM,M,17,10
1029,6,9,1978,18,NL,M,32,232
64,8,19,1977,7,DM,M,37,48
25681,4,13,1997,15,PP,M,22,NA
5571,3,29,1982,8,DO,M,35,52
21683,7,9,1994,3,PP,M,23,20
2406,1,16,1980,2,NL,F,33,184
7483,3,14,1983,12,OL,F,20,29
32102,5,27,2001,6,PB,M,26,18
7827,5,14,1983,13,DO,F,37,73
23844,4,15,1996,8,PP,M,22,22
16506,10,7,1989,11,PE,M,20,15
14797,8,10,1988,2,DM,F,32,40
659,3,11,1978,20,OT,F,20,21
20495,10,19,1992,13,RM,M,15,8
11083,11,17,1985,2,PE,M,21,20
31764,1,22,2001,6,PB,F,26,29
31637,12,22,2000,12,DM,M,37,45
27785,5,2,1998,21,PB,F,26,38
35320,12,8,2002,6,OT,F,20,24
8015,6,18,1983,1,DO,F,36,47
18502,3,14,1991,3,RM,M,17,14
15410,1,11,1989,14,DM,M,37,43
29766,6,12,1999,7,PP,M,21,11
5451,2,23,1982,4,DM,M,37,41
4518,6,4,1981,6,DM,M,35,24
4837,9,30,1981,5,NL,F,32,185
5657,3,30,1982,17,PM,F,21,28
18494,3,14,1991,9,AB,NA,NA,NA
13686,11,21,1987,19,PM,M,22,25
30750,6,3,2000,12,PB,F,26,33
14916,9,12,1988,13,OL,M,22,36
29864,10,9,1999,2,PB,F,26,22
4006,3,9,1981,4,DM,M,38,49
19603,1,9,1992,8,DM,M,36,45
16867,12,5,1989,4,DS,M,52,123
32805,10,13,2001,1,PP,M,23,18
25050,2,9,1997,8,DO,F,38,48
12773,5,28,1987,3,RM,F,15,12
5027,11,23,1981,2,DS,F,51,142
24685,11,16,1996,12,DM,M,36,36
21858,10,13,1994,13,PP,F,22,18
25003,2,8,1997,17,DM,M,34,41
15320,1,10,1989,21,OT,F,21,27
4005,3,9,1981,4,DM,F,35,39
2210,11,18,1979,11,OT,M,19,22
26488,7,9,1997,2,PB,F,26,28
25583,4,13,1997,15,PF,F,16,9
4349,4,6,1981,13,DM,M,NA,46
21344,2,2,1994,4,DM,M,38,48
15223,12,14,1988,9,DM,F,34,43
25635,4,13,1997,11,OT,F,20,29
19262,11,14,1991,3,PE,M,19,24
33940,5,15,2002,1,PP,M,22,15
30211,1,8,2000,22,PB,F,26,35
9269,5,28,1984,2,DM,M,37,44
4468,5,4,1981,4,DM,F,35,35
26506,7,9,1997,9,AH,NA,NA,NA
8950,3,13,1984,3,OL,M,22,42
31135,7,22,2000,17,PP,F,22,14
2451,2,24,1980,7,NA,NA,NA,NA
10767,9,21,1985,17,DO,M,35,54
16596,11,4,1989,21,RM,M,17,10
8778,12,9,1983,15,NL,F,33,148
10785,9,22,1985,11,DM,F,33,36
30,7,17,1977,10,DS,F,52,NA
384,11,13,1977,11,DM,M,36,37
5039,11,23,1981,5,DM,F,36,21
2063,9,23,1979,24,DM,M,36,53
27898,5,28,1998,23,PL,M,20,20
27413,12,29,1997,5,NA,NA,NA,NA
12617,4,25,1987,24,DM,F,36,42
25315,3,16,1997,4,DM,M,37,52
30129,12,6,1999,11,PP,M,19,16
2146,11,17,1979,15,OT,F,20,22
34321,6,16,2002,6,PB,F,26,33
22621,8,27,1995,16,RM,M,17,12
29724,6,12,1999,19,PB,F,26,27
34433,7,13,2002,2,PP,F,20,13
32360,7,22,2001,16,PE,M,20,18
30930,7,1,2000,12,PP,F,21,15
26143,6,11,1997,13,PP,F,23,17
14270,3,21,1988,10,PM,M,21,16
6215,7,25,1982,2,PE,M,NA,24
4860,10,1,1981,4,RM,M,19,14
11017,11,17,1985,9,DM,M,34,37
14471,5,14,1988,19,PP,F,22,15
27782,5,2,1998,17,DM,F,36,44
20847,5,22,1993,22,DS,F,49,112
16514,10,7,1989,8,OT,M,21,28
23009,12,2,1995,18,PF,F,17,9
21283,12,14,1993,22,DS,M,49,109
21403,2,21,1994,4,DM,F,36,45
13565,10,25,1987,13,PC,NA,NA,NA
14010,2,21,1988,24,AB,NA,NA,NA
33197,11,18,2001,13,PB,M,27,48
24915,12,19,1996,9,DM,F,38,42
577,1,10,1978,21,OT,NA,NA,NA
29423,3,15,1999,7,NA,NA,NA,NA
15804,3,14,1989,14,DM,M,37,49
9930,2,16,1985,6,DM,M,35,38
20083,7,3,1992,12,DO,F,37,54
24403,9,21,1996,21,PP,F,22,17
5223,1,24,1982,11,DM,F,37,46
33802,4,16,2002,8,PP,M,22,21
24640,10,13,1996,9,DM,M,36,47
8988,4,9,1984,18,DM,F,37,51
16851,12,5,1989,11,DM,M,37,46
13806,11,22,1987,11,DM,M,37,42
14855,9,11,1988,24,NL,F,35,174
11026,11,17,1985,5,DM,M,38,53
2690,3,9,1980,8,DS,M,NA,131
32866,10,13,2001,22,PB,M,27,41
25927,5,11,1997,5,PP,M,22,20
10734,9,21,1985,22,PP,F,21,16
31407,9,30,2000,18,PB,M,26,29
21200,10,16,1993,8,DM,F,33,21
11855,9,7,1986,13,DM,M,37,46
19102,10,10,1991,2,PP,F,21,16
17966,10,17,1990,14,DM,M,37,49
21251,11,14,1993,6,DO,M,36,50
13573,10,25,1987,11,UR,NA,NA,NA
29299,3,14,1999,1,DO,F,36,63
9815,1,19,1985,12,DO,F,36,48
19275,11,14,1991,24,PE,F,20,24
33000,10,14,2001,14,DM,F,35,49
14130,2,22,1988,9,PE,F,21,25
11411,4,13,1986,11,DM,M,37,49
8860,2,5,1984,1,OL,F,21,30
28396,8,22,1998,22,DM,M,35,44
8798,12,9,1983,4,DM,F,35,37
21707,8,17,1994,17,DM,F,35,36
535,1,8,1978,7,NA,NA,NA,NA
6687,10,23,1982,13,OT,M,20,27
21599,5,19,1994,13,DM,F,35,38
35156,11,10,2002,13,OT,M,20,18
15584,2,5,1989,13,RM,F,17,9
28784,10,25,1998,13,OT,F,20,26
26183,6,11,1997,15,AH,NA,NA,NA
25832,5,10,1997,22,PF,M,15,7
28642,9,21,1998,17,PP,NA,21,16
16247,7,3,1989,21,RM,F,NA,9
33122,11,18,2001,3,OT,M,21,26
9036,4,10,1984,5,DM,M,37,51
23650,4,14,1996,2,DM,F,34,26
28594,9,20,1998,8,PB,M,27,38
19544,1,8,1992,21,RM,F,14,9
18496,3,14,1991,9,RM,F,17,10
31170,7,23,2000,8,NA,NA,NA,NA
32027,4,22,2001,15,PP,M,22,20
35094,11,10,2002,11,PB,F,27,33
10455,6,15,1985,19,RM,M,17,10
19809,3,7,1992,4,DM,F,36,33
4551,6,4,1981,3,NA,NA,NA,NA
21174,10,15,1993,22,DS,M,50,110
21282,12,14,1993,12,DM,M,34,39
7145,1,12,1983,12,NL,M,32,239
22918,10,29,1995,14,PF,M,16,10
25104,2,9,1997,6,DO,M,33,52
27845,5,3,1998,9,DO,F,36,57
7322,2,26,1983,18,OL,F,21,28
24440,9,21,1996,2,PB,F,25,24
21946,12,4,1994,22,AB,NA,NA,NA
5791,4,29,1982,1,DS,M,52,153
15075,11,5,1988,17,PE,F,20,31
30125,12,6,1999,6,PB,F,26,30
30176,1,8,2000,2,PB,M,26,27
3917,3,8,1981,8,DS,M,53,141
1116,8,4,1978,12,PP,M,22,18
4117,4,5,1981,9,DS,M,46,69
3752,1,12,1981,6,DS,M,50,127
34331,6,16,2002,11,DO,F,33,40
31265,8,25,2000,17,PP,M,22,19
11298,3,9,1986,4,DM,M,39,46
9166,5,13,1984,5,DM,F,34,40
3444,11,8,1980,13,OL,F,19,37
33442,2,9,2002,12,DM,M,36,44
4602,7,7,1981,11,PP,M,20,11
31519,11,25,2000,2,OT,M,20,26
620,2,19,1978,8,DS,F,49,132
20922,6,18,1993,19,PP,F,21,19
6191,7,25,1982,1,DM,M,NA,43
21544,4,11,1994,8,DM,M,38,51
7042,11,22,1982,9,PF,M,16,6
12429,3,2,1987,3,PM,M,20,24
33200,11,18,2001,13,OT,F,21,18
34197,6,15,2002,2,PP,M,23,22
28661,10,24,1998,2,DO,M,33,50
27348,12,28,1997,20,PM,M,20,20
11312,3,9,1986,1,DS,NA,NA,NA
30766,6,3,2000,18,PB,F,25,30
21062,8,20,1993,14,PF,M,17,NA
4500,6,4,1981,14,NL,M,32,87
2013,8,23,1979,1,PP,F,20,14
14754,8,9,1988,16,PE,F,21,21
8971,3,13,1984,5,DM,F,37,46
17980,11,10,1990,12,DO,M,36,56
30808,6,4,2000,3,PB,F,26,34
20633,2,19,1993,19,PF,M,12,9
27139,11,22,1997,14,DM,F,36,43
28900,11,22,1998,9,DM,M,38,44
5480,2,24,1982,16,PE,M,18,21
22300,6,7,1995,17,DM,F,37,50
5487,2,24,1982,2,PE,M,19,23
15909,4,1,1989,12,RM,M,18,10
13306,8,26,1987,3,PP,F,24,20
11526,5,11,1986,13,AH,NA,NA,NA
8132,7,17,1983,4,PP,M,22,13
10653,8,19,1985,12,DO,M,35,46
5290,1,25,1982,15,PF,F,15,7
28057,6,27,1998,7,PP,F,20,19
1981,8,22,1979,17,OT,M,18,27
16016,5,10,1989,17,DM,F,36,34
12218,1,31,1987,19,RM,M,15,12
14107,2,22,1988,8,DM,M,36,40
11214,12,8,1985,1,DM,F,37,44
34501,7,13,2002,21,PB,F,25,24
5453,2,23,1982,5,DM,F,37,49
19255,11,14,1991,9,DM,F,35,38
14772,8,9,1988,22,DM,F,36,48
15952,4,2,1989,7,PE,F,21,27
34279,6,15,2002,24,NL,M,NA,139
6290,7,27,1982,20,DM,F,NA,38
3997,3,9,1981,1,NL,M,34,177
16990,1,29,1990,12,SF,M,28,48
28734,10,25,1998,3,PM,M,20,21
13221,8,25,1987,18,DM,M,36,34
22801,9,24,1995,13,DM,M,34,53
29906,10,10,1999,4,PP,M,21,4
10571,7,23,1985,12,DM,F,36,40
33451,2,9,2002,17,DM,M,36,46
24347,8,15,1996,3,PP,M,24,19
13718,11,21,1987,12,RM,F,16,13
865,5,17,1978,20,DM,F,37,31
7070,11,22,1982,1,DS,F,47,123
33016,10,14,2001,16,OT,M,21,23
29024,1,16,1999,1,DM,F,33,41
31309,8,26,2000,11,PB,F,26,31
21158,10,15,1993,1,DM,F,35,41
33437,2,9,2002,24,PE,M,21,20
12130,12,15,1986,9,DM,M,35,54
28417,8,23,1998,3,PB,F,26,26
18050,11,11,1990,4,DM,M,37,48
35263,12,7,2002,21,PB,M,26,37
13849,1,23,1988,18,OT,F,20,25
31968,4,21,2001,17,DM,M,36,37
28868,11,22,1998,3,OT,M,20,24
11044,11,17,1985,13,DS,M,50,132
26609,7,29,1997,19,PB,M,27,29
27835,5,3,1998,5,PP,M,20,23
24369,8,15,1996,13,PP,M,23,19
4037,4,5,1981,1,DM,F,NA,45
8026,6,18,1983,6,PF,F,16,8
1460,11,5,1978,18,DM,M,36,41
11944,10,5,1986,5,DM,F,36,42
5611,3,30,1982,1,DO,F,35,54
9414,7,31,1984,10,NA,NA,NA,NA
35502,12,31,2002,4,PP,M,21,16
26970,10,25,1997,21,PF,F,14,6
26016,6,9,1997,4,DM,M,38,48
31599,11,26,2000,14,OT,F,19,19
18137,12,16,1990,4,DM,M,37,43
20982,7,14,1993,17,PF,M,16,9
22664,9,23,1995,18,PF,F,15,11
33834,4,17,2002,2,PB,F,26,34
13892,1,23,1988,23,PM,M,22,24
10845,10,12,1985,12,DO,M,35,50
25199,3,15,1997,24,PM,M,20,29
26616,7,29,1997,20,PF,F,17,8
18071,12,15,1990,19,PF,F,14,8
13384,9,26,1987,13,OL,F,21,34
17039,1,29,1990,1,DM,M,38,46
4628,7,7,1981,20,DS,M,49,96
18371,2,16,1991,12,SF,NA,NA,NA
7562,3,15,1983,6,DO,M,35,53
19218,11,13,1991,18,AB,NA,NA,NA
10533,6,16,1985,5,DO,F,37,52
28126,6,28,1998,15,PF,M,NA,4
33357,1,12,2002,19,OT,NA,21,20
10621,7,24,1985,2,DM,F,37,36
5236,1,24,1982,10,PM,F,20,19
24670,10,13,1996,5,NA,NA,NA,NA
14223,3,20,1988,18,AB,NA,NA,NA
5677,3,30,1982,4,DS,F,50,90
7370,2,27,1983,14,DS,M,49,117
1100,7,8,1978,5,DS,M,50,71
22326,6,8,1995,8,PP,M,21,15
13110,7,26,1987,11,PP,M,NA,19
29219,2,20,1999,21,DM,M,36,50
14582,6,11,1988,6,PE,M,20,14
31993,4,22,2001,4,OT,F,20,32
31571,11,26,2000,4,DM,M,36,44
13545,10,24,1987,23,PM,M,19,10
14700,7,15,1988,11,DM,M,36,37
11392,4,13,1986,5,DM,F,36,42
31335,8,26,2000,8,DO,M,36,49
16139,6,3,1989,17,SH,F,27,32
27936,5,29,1998,4,SS,NA,NA,NA
28176,7,18,1998,20,PF,F,15,9
4206,4,6,1981,13,DM,F,NA,43
6918,10,24,1982,6,DM,F,37,40
19441,12,7,1991,18,PE,F,21,22
5821,4,29,1982,3,AB,NA,NA,NA
31293,8,26,2000,4,SS,NA,NA,NA
18907,7,13,1991,8,DM,F,35,49
6813,10,24,1982,7,DS,M,49,120
22580,8,26,1995,17,PF,F,15,9
14670,7,14,1988,12,DM,M,37,44
30708,4,31,2000,13,PP,M,21,18
34829,10,5,2002,22,PB,M,27,36
4294,4,6,1981,11,PP,F,NA,15
13236,8,25,1987,14,OL,F,20,34
1914,7,24,1979,20,NL,F,30,116
6637,9,19,1982,18,DM,M,35,43
30927,7,1,2000,12,PB,F,25,34
23331,1,28,1996,8,DM,F,39,51
34972,11,9,2002,1,PP,F,22,18
16646,11,4,1989,18,RM,M,17,13
27174,11,22,1997,7,RM,M,18,9
14220,3,20,1988,21,RM,F,19,9
18940,8,7,1991,17,DO,M,37,51
24602,10,13,1996,11,OT,F,21,24
8400,9,11,1983,15,PP,F,22,14
14553,6,11,1988,1,DM,M,37,47
18491,3,13,1991,2,RM,M,15,10
35166,11,10,2002,14,DM,M,35,52
35030,11,9,2002,12,DO,M,35,38
4915,10,25,1981,5,OT,M,20,19
14151,2,22,1988,3,RM,F,16,10
346,11,12,1977,2,DM,F,37,36
5711,4,28,1982,12,DM,F,37,41
17041,1,29,1990,23,AB,NA,NA,NA
23841,4,15,1996,4,DM,M,35,47
31061,7,2,2000,13,PB,F,26,29
587,2,18,1978,2,OX,NA,NA,NA
17287,3,29,1990,17,RM,M,17,9
30500,3,4,2000,23,NA,NA,NA,NA
3830,1,31,1981,22,PF,F,15,7
6592,9,18,1982,2,DO,M,34,47
9370,7,4,1984,3,AB,NA,NA,NA
8776,12,9,1983,8,DO,M,36,50
25830,5,10,1997,17,DM,F,37,40
32980,10,14,2001,8,DO,F,35,47
12456,3,2,1987,13,DM,M,35,46
1653,2,25,1979,2,PM,F,19,26
24633,10,13,1996,9,DM,M,35,46
17074,1,30,1990,4,DM,F,36,41
11451,5,10,1986,14,DM,F,34,39
12005,11,15,1986,22,DM,F,35,46
49,7,18,1977,12,PP,F,17,NA
23823,4,15,1996,3,OT,M,21,29
8456,10,15,1983,15,NL,M,34,233
11336,3,9,1986,7,PE,F,20,24
30102,12,5,1999,21,PB,F,25,34
28306,7,19,1998,16,PM,M,NA,13
17322,3,30,1990,3,OT,F,20,24
24569,10,12,1996,12,DM,F,36,33
594,2,18,1978,9,DM,M,38,50
2352,1,16,1980,13,DM,M,35,43
12039,11,16,1986,11,RM,M,16,11
13393,9,26,1987,18,PE,M,20,25
18798,6,14,1991,3,DM,F,35,NA
14545,6,11,1988,23,PE,F,22,27
16434,9,3,1989,12,PE,M,21,23
6778,10,23,1982,13,DS,F,47,119
26790,9,27,1997,17,DM,M,36,48
31920,3,25,2001,14,AH,NA,NA,NA
28437,8,23,1998,8,PB,M,27,29
7375,2,27,1983,5,OL,F,18,14
11606,6,5,1986,15,AH,NA,NA,NA
10751,9,21,1985,12,DM,F,35,43
247,10,16,1977,2,DS,M,54,NA
17446,4,26,1990,14,DM,NA,NA,NA
412,11,14,1977,5,DS,M,52,126
8367,9,11,1983,11,DM,F,36,38
4148,4,5,1981,5,DM,F,NA,51
12903,6,30,1987,18,DM,M,38,44
3292,9,7,1980,11,OT,M,20,16
23596,3,23,1996,20,PP,F,24,21
19202,11,13,1991,23,RM,F,17,19
35455,12,29,2002,20,PB,F,26,26
29851,9,12,1999,15,PP,F,20,17
15887,4,1,1989,12,DM,M,37,48
17089,1,30,1990,11,DO,F,36,41
6953,10,24,1982,22,DS,M,49,126
29242,2,21,1999,4,DM,F,35,39
15769,3,13,1989,11,RM,M,17,10
8953,3,13,1984,1,DM,M,36,46
23431,2,25,1996,6,OL,M,21,28
25617,4,13,1997,3,DO,F,34,49
28919,12,22,1998,1,DM,F,34,39
29343,3,14,1999,17,OT,F,20,25
1268,9,4,1978,1,DS,F,48,123
2109,10,24,1979,11,OT,M,21,19
7657,4,16,1983,24,RM,M,17,7
29345,3,14,1999,17,DM,F,35,46
26333,7,9,1997,2,PB,F,22,17
17360,3,30,1990,4,DM,F,37,43
18504,3,14,1991,13,RM,M,17,10
20067,5,31,1992,9,DM,M,36,51
195,9,12,1977,4,DS,M,50,NA
15803,3,14,1989,9,AB,NA,NA,NA
34670,9,8,2002,1,DO,F,36,51
25750,5,10,1997,1,OT,M,20,22
15167,12,13,1988,22,DM,F,37,43
10558,7,23,1985,12,DM,F,36,47
430,12,10,1977,9,PF,F,15,7
25052,2,9,1997,11,DO,M,34,57
7121,11,22,1982,8,DS,F,50,106
26137,6,10,1997,9,DM,F,36,45
27085,10,26,1997,4,DM,F,38,40
32742,9,23,2001,11,PB,F,26,26
29710,6,12,1999,12,DM,F,36,45
34750,9,10,2002,16,PP,M,23,19
20825,4,24,1993,11,RM,M,17,11
22090,2,5,1995,9,DM,M,36,43
6441,8,16,1982,13,DM,M,36,41
24784,11,17,1996,8,DO,F,38,55
5316,1,25,1982,4,DM,M,36,36
26964,10,25,1997,21,PM,M,20,26
13818,11,22,1987,4,OL,F,20,29
9423,8,1,1984,13,PP,M,21,17
4493,6,4,1981,4,PF,M,11,6
6474,8,16,1982,2,DM,M,36,40
8781,12,9,1983,7,PM,M,21,22
22163,3,5,1995,8,DM,M,37,45
21124,9,17,1993,3,DM,M,37,50
31620,12,22,2000,1,DM,M,36,38
31054,7,2,2000,8,DO,F,36,50
4050,4,5,1981,14,DM,F,NA,47
4150,4,5,1981,17,DS,F,NA,122
2553,3,9,1980,13,OL,M,NA,38
14789,8,9,1988,19,SH,F,27,65
30503,3,5,2000,3,PB,F,26,29
29639,5,16,1999,4,DM,M,34,39
19520,12,8,1991,9,DM,M,37,40
30797,6,3,2000,24,PB,M,NA,NA
21740,8,18,1994,12,DM,F,36,41
5095,12,30,1981,19,RM,F,19,14
31071,7,2,2000,14,PP,M,20,17
22084,2,5,1995,4,DM,M,37,49
26711,7,30,1997,14,OT,F,19,21
19170,10,11,1991,8,DM,M,35,45
15861,4,1,1989,5,RM,M,17,11
26917,9,28,1997,8,OT,M,20,23
9756,12,31,1984,4,DO,M,34,38
5015,11,23,1981,4,OL,M,22,41
27968,5,29,1998,15,PP,F,22,17
31261,8,25,2000,17,DM,M,37,47
24339,8,15,1996,9,DM,F,37,45
17842,9,22,1990,17,NL,F,NA,170
19975,5,3,1992,6,PP,M,19,20
22821,9,24,1995,13,OL,M,20,26
22539,8,26,1995,12,PP,M,22,NA
23253,1,27,1996,17,DM,M,36,58
12088,12,14,1986,24,DM,M,36,43
14792,8,10,1988,3,PP,F,22,18
26959,10,25,1997,1,DM,F,35,39
29044,1,16,1999,12,DM,M,36,38
17058,1,30,1990,8,DM,M,37,48
29492,4,18,1999,3,PB,F,26,32
5891,5,21,1982,22,DS,M,48,65
12792,5,28,1987,8,DO,M,35,59
26761,7,30,1997,4,PF,F,15,8
14606,6,12,1988,14,NL,M,35,100
11385,4,13,1986,1,PM,F,22,26
28407,8,23,1998,3,PB,M,26,26
8220,8,16,1983,11,PF,M,16,7
3151,7,21,1980,18,DO,M,36,44
6111,6,29,1982,22,DS,F,NA,135
27099,10,26,1997,8,DM,M,35,38
625,2,19,1978,5,DM,F,35,56
30904,7,1,2000,1,PB,M,26,20
4563,6,5,1981,11,DM,M,39,45
20318,8,30,1992,11,DM,M,38,53
13326,8,26,1987,2,NL,F,32,146
9518,9,29,1984,12,DM,M,35,40
22959,10,29,1995,3,PP,F,22,15
3599,12,16,1980,8,DM,M,35,51
8280,9,10,1983,20,DS,F,51,122
4406,5,3,1981,10,SA,NA,NA,NA
9098,5,12,1984,14,DO,F,34,40
21825,10,12,1994,22,DS,M,49,112
24979,2,8,1997,22,DM,F,31,20
3828,1,31,1981,12,OL,M,21,42
14161,2,22,1988,9,DM,M,37,45
16118,6,3,1989,1,DO,F,36,43
14753,8,9,1988,20,PE,F,21,33
22501,7,21,1995,4,DM,F,36,57
9898,1,20,1985,13,DM,F,35,30
25425,4,12,1997,21,PP,M,22,22
5399,2,23,1982,14,OL,M,21,38
17706,7,22,1990,14,DM,F,37,40
710,3,13,1978,8,DS,M,49,152
2307,1,15,1980,17,OT,F,21,25
16416,9,3,1989,1,DM,F,NA,NA
15666,2,5,1989,3,RM,M,19,11
20820,4,24,1993,4,DM,F,32,46
25888,5,11,1997,11,PP,M,21,16
16652,11,4,1989,7,RF,F,18,15
32391,8,25,2001,2,NL,F,33,193
11478,5,10,1986,22,DM,F,35,45
547,1,9,1978,8,OT,NA,NA,NA
21562,5,18,1994,24,RM,F,17,10
16966,1,7,1990,8,DO,F,36,45
10199,4,20,1985,12,OT,M,20,20
13040,7,25,1987,6,PP,F,NA,13
2709,3,9,1980,13,DO,F,NA,55
10443,5,24,1985,4,DM,F,36,40
10196,4,20,1985,22,DM,F,36,50
32185,6,25,2001,18,PB,M,26,34
15055,11,5,1988,24,PE,NA,NA,NA
9475,8,25,1984,18,NL,M,29,109
31842,3,4,2001,13,PB,F,25,44
32971,10,14,2001,8,DO,M,36,53
31431,9,30,2000,22,PB,M,27,35
27563,3,1,1998,21,PB,M,26,NA
24478,9,22,1996,15,PF,F,15,7
9384,7,31,1984,14,OL,F,22,38
10370,5,23,1985,17,DM,M,35,40
13931,1,24,1988,5,DO,M,37,55
8502,10,16,1983,24,NL,F,32,188
11522,5,11,1986,1,DS,M,52,152
11082,11,17,1985,8,DM,F,37,40
19741,2,8,1992,10,RM,F,17,10
18422,2,17,1991,11,DM,M,37,46
28033,6,27,1998,12,DM,M,36,45
20824,4,24,1993,11,PP,M,22,20
4474,5,4,1981,15,PF,M,14,7
28040,6,27,1998,18,OT,F,20,25
7692,4,16,1983,20,DM,M,35,42
3832,1,31,1981,11,PP,F,21,15
31771,1,22,2001,11,DM,F,34,41
15036,11,5,1988,21,SH,M,26,43
10073,3,16,1985,14,DM,M,35,47
10783,9,22,1985,8,DO,M,34,49
17668,7,21,1990,6,OT,M,20,29
4155,4,5,1981,17,DS,M,NA,136
22346,6,8,1995,4,DM,M,37,44
34711,9,10,2002,13,PB,F,27,42
21398,2,20,1994,7,RM,M,17,8
3214,8,13,1980,10,NA,NA,NA,NA
30876,6,4,2000,13,OT,F,21,35
6348,8,15,1982,24,PM,M,20,22
29627,5,16,1999,3,PB,F,26,21
34506,7,13,2002,21,PB,F,26,26
2640,3,9,1980,1,DO,M,NA,44
9842,1,19,1985,6,DM,F,33,27
21122,9,17,1993,9,DM,F,38,48
133,8,21,1977,15,DM,M,37,NA
23119,12,21,1995,22,DM,M,38,60
5842,5,21,1982,13,DM,M,36,37
17897,10,15,1990,12,AH,NA,NA,NA
32390,8,25,2001,2,OT,F,21,23
15132,11,6,1988,2,PE,M,21,21
5783,4,29,1982,3,NL,M,33,114
29888,10,9,1999,17,DO,F,35,46
17024,1,29,1990,22,PH,F,28,33
22978,10,29,1995,9,PE,M,20,23
26403,7,9,1997,4,PF,F,16,7
970,6,8,1978,12,DM,F,NA,39
8196,8,15,1983,12,PP,F,21,15
32342,7,22,2001,14,DM,F,36,48
35425,12,29,2002,19,PE,M,20,22
13065,7,25,1987,19,RM,M,NA,9
6545,9,18,1982,13,AB,NA,NA,NA
4326,4,6,1981,6,DM,F,NA,44
14913,9,12,1988,4,PP,M,22,15
11037,11,17,1985,11,DS,F,49,108
20323,8,30,1992,5,PP,M,21,17
15532,2,4,1989,19,PE,M,22,24
31097,7,22,2000,1,PP,F,22,13
5313,1,25,1982,13,AB,NA,NA,NA
34614,7,14,2002,8,DM,F,34,52
16594,11,4,1989,7,RM,F,15,9
23026,12,2,1995,17,PF,F,15,12
20364,9,26,1992,2,NL,F,32,114
16038,5,10,1989,12,DM,M,36,39
25021,2,8,1997,12,AH,NA,NA,NA
19001,8,8,1991,3,PP,F,21,10
19052,9,10,1991,20,PP,M,21,14
20039,5,30,1992,17,DM,M,36,52
34770,10,5,2002,1,DO,M,35,51
15933,4,2,1989,7,PE,M,21,24
15668,2,5,1989,9,DM,M,35,41
34523,7,13,2002,7,PP,F,21,20
28877,11,22,1998,4,DM,M,37,48
27349,12,28,1997,7,PM,M,20,17
8304,9,10,1983,14,DO,F,35,43
21811,10,12,1994,17,AH,NA,NA,NA
22894,10,28,1995,17,DM,M,37,52
12920,6,30,1987,21,PM,M,16,23
22998,12,2,1995,12,NL,M,33,152
14846,8,10,1988,8,DM,M,38,39
4965,11,22,1981,22,DS,M,48,139
29373,3,15,1999,3,PB,M,26,27
28925,12,22,1998,2,OT,F,21,31
7213,1,12,1983,19,RM,F,15,12
73,8,19,1977,3,DS,F,44,NA
18158,12,16,1990,4,DM,M,37,39
12272,2,1,1987,1,AH,NA,NA,NA
13518,10,24,1987,24,PE,F,21,24
8386,9,11,1983,5,SS,NA,NA,NA
26327,7,9,1997,20,OT,F,19,22
28748,10,25,1998,4,DM,M,35,46
28546,9,20,1998,1,DO,F,37,61
8449,10,15,1983,19,OT,F,20,25
24094,6,14,1996,14,DM,M,38,51
33153,11,18,2001,6,PB,F,25,35
24419,9,21,1996,17,OT,M,19,13
33002,10,14,2001,14,DM,F,35,30
11621,6,5,1986,13,AH,NA,NA,NA
8712,12,8,1983,21,RM,M,15,7
12939,6,30,1987,17,DO,F,37,58
21812,10,12,1994,21,PF,F,16,8
6277,7,26,1982,12,DS,NA,NA,78
5712,4,28,1982,24,PE,F,20,11
11551,6,4,1986,14,DM,F,35,41
33660,3,14,2002,4,PB,M,28,49
9669,10,21,1984,9,DO,F,37,46
10903,10,13,1985,11,DO,F,36,49
14050,2,21,1988,1,DM,M,36,44
3147,7,21,1980,8,DO,F,36,47
10170,4,20,1985,6,DM,M,35,43
9607,9,30,1984,5,DM,M,34,44
25955,6,9,1997,19,PP,M,22,15
10476,6,15,1985,17,DO,M,35,51
7474,3,14,1983,18,DS,F,51,141
31772,1,22,2001,9,DM,M,35,42
14041,2,21,1988,6,PE,M,22,23
25853,5,11,1997,14,DM,F,37,47
25549,4,12,1997,17,OT,M,21,30
2786,3,22,1980,14,DM,F,NA,54
13584,10,25,1987,9,DO,F,35,47
32457,8,25,2001,21,PB,M,27,37
12192,1,31,1987,20,RM,F,15,9
24786,11,17,1996,6,OT,F,22,25
7748,4,17,1983,4,PF,F,16,7
24299,8,14,1996,17,PP,M,22,20
12403,3,2,1987,15,RM,M,16,10
28201,7,18,1998,21,PB,M,26,22
15343,1,10,1989,19,RM,F,17,11
31650,12,22,2000,17,DM,M,36,48
32569,8,26,2001,14,PB,M,28,29
10249,4,20,1985,18,DO,F,34,63
20746,3,18,1993,3,NL,F,38,93
5276,1,25,1982,5,NL,F,32,194
26289,7,9,1997,8,DM,M,34,31
32198,6,25,2001,17,DM,M,37,50
7539,3,14,1983,22,DM,M,36,45
24145,6,14,1996,11,PM,M,21,19
21176,10,15,1993,24,NA,NA,NA,NA
33923,4,17,2002,20,PB,M,28,39
3179,7,22,1980,14,DM,M,35,45
29012,12,23,1998,14,DM,M,37,48
35352,12,8,2002,8,PB,F,27,27
17237,2,25,1990,4,DM,M,37,49
19177,10,11,1991,3,PP,F,21,16
28153,6,28,1998,3,PB,F,26,23
19417,12,7,1991,7,RM,NA,NA,NA
4327,4,6,1981,11,DM,M,NA,46
31339,8,26,2000,13,PP,M,20,14
29989,11,6,1999,22,PB,F,25,37
4397,5,3,1981,17,DS,M,48,142
21546,4,11,1994,15,RM,M,16,8
3635,12,16,1980,22,DM,M,35,45
12440,3,2,1987,10,RM,F,17,17
19337,11,15,1991,6,PF,F,15,7
26477,7,9,1997,3,PB,M,26,33
1912,7,24,1979,1,DS,M,51,141
22676,9,23,1995,17,PF,F,15,7
24924,2,8,1997,20,OT,F,20,19
2276,1,15,1980,11,DS,M,47,132
14394,4,18,1988,8,DM,M,37,47
26265,7,9,1997,4,DM,M,36,49
292,10,17,1977,3,DO,F,36,33
31143,7,22,2000,22,PB,M,27,29
6565,9,18,1982,14,OL,F,20,39
11359,4,12,1986,16,SS,NA,NA,NA
26246,7,9,1997,17,DM,M,38,48
5604,3,30,1982,5,DM,F,35,40
28880,11,22,1998,4,DM,F,35,46
20800,4,23,1993,20,PP,F,22,19
18696,5,14,1991,14,DM,M,36,49
12164,12,15,1986,7,PE,M,19,24
32954,10,14,2001,11,PB,M,27,32
6769,10,23,1982,15,OT,M,20,23
6251,7,26,1982,11,DM,M,NA,34
14162,2,22,1988,10,RM,F,16,10
31266,8,25,2000,17,OT,F,20,31
30305,2,5,2000,2,DO,M,37,54
2566,3,9,1980,4,DS,NA,NA,NA
22528,7,21,1995,9,DM,M,35,34
33640,3,13,2002,23,NA,NA,NA,NA
30945,7,1,2000,18,PB,F,26,24
8824,2,4,1984,12,OT,M,21,20
28428,8,23,1998,5,PM,M,19,21
838,5,6,1978,2,DM,M,37,48
23663,4,14,1996,12,DM,F,34,48
17483,4,26,1990,11,DM,F,37,53
15092,11,6,1988,15,PE,F,19,24
26503,7,9,1997,13,PB,F,26,31
11043,11,17,1985,9,DM,M,35,42
2050,9,23,1979,2,OT,F,20,23
28355,8,22,1998,17,PP,F,21,17
13000,7,1,1987,5,DO,M,37,60
2761,3,21,1980,11,DM,F,34,45
18472,3,13,1991,22,DS,F,54,128
2757,3,21,1980,8,DM,M,NA,44
16126,6,3,1989,1,RM,F,16,10
13101,7,25,1987,12,PE,F,NA,20
18590,4,20,1991,20,PF,M,16,10
2898,4,18,1980,14,DS,F,NA,115
28462,8,23,1998,13,PB,NA,NA,NA
6270,7,26,1982,17,NL,F,NA,139
17374,4,24,1990,1,BA,M,14,7
11777,8,10,1986,8,DS,M,54,150
23896,5,23,1996,21,PP,M,23,12
5498,2,24,1982,9,RM,M,17,10
17001,1,29,1990,7,RM,F,17,9
22544,8,26,1995,12,PP,F,23,21
5311,1,25,1982,5,DM,F,36,46
24264,7,21,1996,14,DM,F,36,55
26649,7,29,1997,21,PP,F,24,21
5524,3,29,1982,23,RM,F,16,9
8628,11,13,1983,3,RM,M,16,9
28577,9,20,1998,4,OT,M,NA,23
11519,5,11,1986,8,DS,F,49,103
6057,6,29,1982,24,NL,F,NA,181
25840,5,10,1997,12,DO,M,31,44
14768,8,9,1988,22,DS,F,52,96
22012,1,11,1995,20,NA,NA,NA,NA
4151,4,5,1981,22,DM,NA,NA,NA
16093,6,3,1989,22,DM,F,36,52
18508,3,14,1991,9,DM,F,33,49
33586,3,13,2002,2,NL,F,32,196
5742,4,28,1982,12,PM,F,19,19
30033,11,7,1999,8,PP,F,22,12
8141,7,17,1983,9,NL,M,33,132
22306,6,7,1995,12,DM,F,37,44
20413,9,27,1992,8,DM,F,35,45
10257,4,21,1985,8,OL,F,19,35
9172,5,13,1984,9,DM,F,37,51
12857,5,28,1987,17,DO,M,38,40
14100,2,22,1988,9,DO,F,37,50
34293,6,16,2002,3,PB,M,26,34
34771,10,5,2002,1,PP,F,21,17
15657,2,5,1989,9,DM,M,36,47
7275,1,13,1983,3,PF,M,15,5
32050,5,26,2001,12,PE,M,21,20
5233,1,24,1982,9,DS,F,51,151
34930,10,6,2002,15,AH,NA,NA,NA
20773,3,18,1993,9,DM,M,36,48
23763,4,15,1996,5,PF,F,15,8
20735,3,18,1993,11,PP,M,20,19
12535,4,6,1987,2,DM,F,36,42
18177,12,16,1990,14,DM,M,36,43
2947,5,17,1980,1,DS,M,48,102
27795,5,2,1998,17,PP,F,22,19
10849,10,12,1985,22,PP,F,21,15
20689,2,26,1993,13,RM,M,15,10
4532,6,4,1981,14,OT,M,19,15
2267,11,18,1979,19,PE,M,19,21
34607,7,14,2002,9,OT,M,20,25
20914,6,18,1993,12,DM,M,37,33
4028,4,5,1981,20,DS,F,53,120
2228,11,18,1979,18,OL,F,21,31
24038,6,13,1996,12,PP,F,23,25
31299,8,26,2000,6,PB,F,25,31
9509,8,26,1984,8,DO,F,34,52
43,7,18,1977,21,DM,M,36,NA
26141,6,11,1997,13,PP,M,21,17
22173,4,1,1995,12,DM,M,36,32
34780,10,5,2002,2,PB,M,26,38
17929,10,16,1990,5,RM,M,17,12
11570,6,4,1986,14,DM,F,36,36
15244,12,14,1988,14,RM,M,16,7
13598,10,25,1987,9,DM,M,37,43
21113,9,16,1993,2,NL,M,NA,NA
21448,3,11,1994,2,DM,M,36,47
32386,8,25,2001,2,DM,M,36,46
26301,7,9,1997,21,PM,M,21,19
24425,9,21,1996,17,PF,M,16,7
15140,11,6,1988,8,DM,M,35,35
19068,9,10,1991,24,DM,F,36,36
10445,5,24,1985,2,DO,M,35,47
11617,6,5,1986,1,DM,F,35,32
27045,10,25,1997,20,PF,M,16,7
32524,8,26,2001,11,DM,F,37,44
30272,1,10,2000,14,PP,M,19,16
22845,10,28,1995,12,PP,F,22,16
14097,2,22,1988,3,SH,F,30,57
26010,6,9,1997,3,PF,M,15,9
12360,3,1,1987,20,DO,M,37,58
5616,3,30,1982,5,DM,M,32,26
17834,9,22,1990,1,DO,F,NA,56
32743,9,23,2001,9,OT,F,20,18
27307,12,28,1997,19,PB,F,27,27
23820,4,15,1996,8,DM,M,37,49
14249,3,20,1988,6,RM,F,18,8
30371,2,6,2000,6,PP,M,21,17
4980,11,22,1981,22,DS,F,52,146
4672,7,8,1981,18,DM,F,35,47
30123,12,6,1999,6,PP,M,20,14
24485,9,22,1996,9,DO,M,34,50
22730,9,23,1995,1,PP,F,22,17
18459,3,13,1991,1,DO,M,35,46
5757,4,28,1982,12,DM,F,36,42
2123,10,25,1979,5,DM,F,37,49
21720,8,17,1994,20,PP,F,21,21
24570,10,12,1996,17,OT,M,21,17
20891,5,23,1993,6,PP,NA,NA,NA
31049,7,2,2000,8,DO,M,36,39
34019,5,15,2002,20,OT,F,21,26
20584,1,24,1993,12,NL,M,31,233
2384,1,16,1980,2,DO,F,35,53
2486,2,25,1980,13,DM,M,36,48
25691,5,10,1997,1,OT,M,20,19
32389,8,25,2001,2,OT,M,21,26
26281,7,9,1997,21,PB,F,26,24
30940,7,1,2000,18,PB,NA,NA,NA
11689,7,4,1986,8,DO,F,33,53
34485,7,13,2002,17,PB,F,27,26
25961,6,9,1997,6,PB,F,26,38
25987,6,9,1997,4,DM,M,37,42
31812,3,3,2001,22,PB,M,26,35
28280,7,19,1998,9,DO,M,35,43
3157,7,21,1980,23,NA,NA,NA,NA
24016,6,13,1996,7,PP,F,23,12
18346,2,16,1991,18,NL,F,33,190
33754,4,16,2002,6,DO,M,34,35
2197,11,18,1979,8,DM,M,35,44
557,1,9,1978,11,DM,F,37,39
33461,2,9,2002,19,RM,M,17,12
17754,8,16,1990,21,RM,M,16,11
19749,2,8,1992,14,DM,F,38,36
32163,6,25,2001,2,PP,M,23,16
22853,10,28,1995,2,DM,F,34,44
9872,1,20,1985,1,DM,M,36,38
16039,5,10,1989,18,PM,F,21,22
30628,4,30,2000,22,PB,F,26,39
1771,4,29,1979,4,DM,F,38,45
1251,9,4,1978,6,DM,F,38,46
18240,1,11,1991,18,NL,F,34,188
4962,11,22,1981,12,NL,F,NA,264
34278,6,15,2002,24,PE,M,20,15
9213,5,27,1984,18,DM,M,38,50
12120,12,15,1986,3,NL,F,29,177
16493,10,7,1989,3,OT,F,21,23
6985,11,21,1982,22,DM,M,34,36
18853,7,12,1991,17,DO,F,37,37
3237,8,14,1980,1,DS,M,51,143
740,4,8,1978,13,OL,M,NA,NA
6393,8,15,1982,20,DM,M,35,37
18895,7,13,1991,5,PP,F,21,16
11472,5,10,1986,6,OL,F,21,33
23708,4,14,1996,12,OT,F,22,23
3334,10,11,1980,22,DS,M,47,128
4205,4,6,1981,11,DS,F,NA,77
21963,12,4,1994,1,DM,M,38,48
616,2,19,1978,11,DM,M,36,44
25733,5,10,1997,22,PB,M,26,25
13909,1,23,1988,17,OT,M,20,27
32896,10,14,2001,3,PF,M,14,7
5749,4,28,1982,13,DM,F,36,43
5216,1,24,1982,18,DS,F,51,120
6169,7,25,1982,8,PP,NA,NA,15
13257,8,26,1987,5,DM,F,37,45
3780,1,12,1981,12,RM,M,16,11
31514,11,25,2000,2,PB,M,27,33
18851,7,12,1991,22,SA,NA,NA,NA
20536,12,21,1992,22,DS,F,47,117
7184,1,12,1983,24,DM,M,37,42
11161,12,8,1985,2,DM,F,37,39
35305,12,8,2002,4,OT,M,20,21
27032,10,25,1997,18,PB,M,25,29
30015,11,7,1999,11,OT,M,21,25
18407,2,17,1991,4,DM,M,38,45
33908,4,17,2002,15,SH,M,28,55
5251,1,24,1982,21,PF,M,16,6
7940,6,17,1983,12,DS,M,50,131
22599,8,27,1995,6,PF,M,16,7
9962,2,16,1985,19,PF,M,15,NA
14840,8,10,1988,13,AH,NA,NA,NA
7610,3,15,1983,1,OL,M,21,36
16707,11,5,1989,3,PP,M,20,16
11275,3,8,1986,14,DM,F,38,37
8159,8,15,1983,16,PP,M,21,15
2933,5,17,1980,9,DS,F,49,127
30941,7,1,2000,18,PB,F,26,36
29079,1,16,1999,22,OT,M,20,27
3853,1,31,1981,24,DM,F,36,47
22590,8,27,1995,13,PP,M,23,19
1079,7,8,1978,18,DS,M,50,106
9145,5,13,1984,3,OL,F,20,33
15525,2,4,1989,1,DO,M,37,57
25593,4,13,1997,9,DM,F,34,31
20713,3,17,1993,17,PP,M,22,22
9860,1,20,1985,11,PM,F,20,16
12216,1,31,1987,17,RM,M,16,11
15884,4,1,1989,4,RM,F,16,10
28588,9,20,1998,7,PM,F,19,26
5553,3,29,1982,18,OL,M,21,39
35376,12,8,2002,15,PB,F,25,31
5776,4,29,1982,6,DS,M,51,90
25590,4,13,1997,15,RM,M,16,13
1537,12,3,1978,5,DS,M,51,142
9556,9,29,1984,14,DM,M,35,44
9085,5,12,1984,20,OT,F,19,26
30574,3,5,2000,15,PP,F,21,16
35407,12,29,2002,2,PB,M,27,37
562,1,9,1978,19,NA,NA,NA,NA
33806,4,16,2002,13,PB,M,28,38
14858,9,11,1988,20,NL,F,34,190
4107,4,5,1981,17,DS,F,NA,128
25367,3,16,1997,9,PF,M,15,7
10528,6,16,1985,2,DO,M,35,52
8753,12,9,1983,4,DM,M,35,37
440,12,10,1977,1,PF,F,16,7
30016,11,7,1999,11,PP,M,22,18
14864,9,11,1988,23,RF,F,17,18
10262,4,21,1985,13,DO,F,38,53
9380,7,31,1984,24,DO,M,NA,NA
11469,5,10,1986,17,DO,M,32,52
25410,3,16,1997,6,PP,M,22,16
15182,12,13,1988,17,PE,M,21,20
31648,12,22,2000,17,DM,M,36,47
25316,3,16,1997,9,DO,M,37,43
1695,3,31,1979,1,DS,M,50,141
33202,11,18,2001,14,DM,F,36,36
31825,3,4,2001,6,SH,M,27,NA
4154,4,5,1981,12,DM,M,36,50
14354,4,17,1988,22,DM,F,33,24
12256,2,1,1987,8,DS,M,54,148
6310,7,27,1982,20,DM,F,NA,41
4051,4,5,1981,1,OL,F,NA,44
34456,7,13,2002,19,PB,F,26,37
33799,4,16,2002,8,PP,M,22,14
26219,6,11,1997,20,PE,M,19,11
10095,3,17,1985,3,DM,M,36,48
30539,3,5,2000,9,PP,M,21,14
6042,6,28,1982,7,PE,M,NA,24
10013,2,17,1985,1,DO,M,35,46
34461,7,13,2002,19,PB,F,25,30
18056,11,11,1990,8,DM,F,37,45
33162,11,18,2001,11,DO,F,35,42
31623,12,22,2000,1,OT,F,20,NA
9515,8,26,1984,5,DM,F,35,49
28840,11,21,1998,19,PB,F,25,30
6925,10,24,1982,9,DM,F,36,42
34283,6,15,2002,7,OT,NA,NA,NA
20262,8,29,1992,19,PP,M,23,20
9360,7,4,1984,15,NL,F,28,50
15866,4,1,1989,3,PP,M,23,22
14724,7,15,1988,9,DM,F,36,42
19683,2,7,1992,17,DM,F,36,38
7653,4,16,1983,24,RM,M,18,12
6327,8,15,1982,12,DS,M,52,121
29648,5,16,1999,11,OT,F,21,24
6424,8,15,1982,20,NL,F,31,172
27752,5,2,1998,1,PP,M,22,22
26165,6,11,1997,14,DM,M,33,39
21690,7,9,1994,8,SS,NA,NA,NA
15477,1,11,1989,8,DM,F,35,43
19073,9,10,1991,11,DM,M,37,NA
15974,5,9,1989,24,AH,NA,NA,NA
17557,5,25,1990,15,AH,NA,NA,NA
17883,9,25,1990,11,DM,F,NA,42
29753,6,12,1999,21,PB,F,25,37
35244,12,7,2002,12,PB,F,27,30
27632,3,2,1998,8,DM,F,36,NA
2441,2,24,1980,17,OL,F,19,37
15656,2,5,1989,7,RM,NA,NA,NA
3461,11,9,1980,3,OT,F,20,28
9936,2,16,1985,12,DO,F,35,40
27493,2,1,1998,8,DO,M,38,56
28922,12,22,1998,2,DO,F,35,43
34810,10,5,2002,19,PE,F,22,25
22144,3,5,1995,11,DM,M,NA,NA
6160,7,25,1982,8,OL,F,NA,34
338,10,18,1977,12,DM,M,37,41
17376,4,24,1990,19,PF,F,16,7
10485,6,15,1985,17,DO,F,36,NA
8111,7,16,1983,17,NL,M,34,216
1063,7,7,1978,9,DS,F,49,86
30715,4,31,2000,14,PP,F,21,16
7821,5,14,1983,14,DM,M,39,49
12863,5,28,1987,19,PE,M,21,19
10173,4,20,1985,24,NL,M,30,138
20241,7,31,1992,15,NA,NA,NA,NA
16361,7,30,1989,5,OT,M,21,29
9049,4,10,1984,4,DS,F,50,125
27494,2,1,1998,8,DO,M,36,51
21475,3,12,1994,11,DM,F,35,44
11204,12,8,1985,3,PP,F,22,16
3246,8,14,1980,7,NA,NA,NA,NA
3394,10,12,1980,18,OT,M,20,25
5238,1,24,1982,1,DM,M,36,39
11986,11,15,1986,22,DM,M,36,51
3255,9,7,1980,17,DM,NA,37,35
13997,1,24,1988,2,DO,M,35,50
3695,1,11,1981,11,DS,M,50,130
31304,8,26,2000,6,PP,F,21,18
13452,9,27,1987,1,DM,M,36,41
33734,3,14,2002,16,NA,NA,NA,NA
11059,11,17,1985,7,PE,M,19,19
3985,3,9,1981,12,DM,F,37,42
31926,3,25,2001,14,PP,F,23,16
23173,12,22,1995,3,DO,NA,36,57
15631,2,5,1989,2,RM,F,17,12
9626,10,20,1984,17,DM,F,35,42
10025,2,17,1985,10,RM,F,16,7
3006,5,24,1980,1,DM,M,36,54
22843,10,28,1995,12,DM,F,36,44
3532,11,9,1980,5,DM,F,36,47
16657,11,4,1989,6,PE,M,22,24
24228,7,20,1996,24,NA,NA,NA,NA
27657,3,2,1998,9,DM,M,36,NA
23426,2,25,1996,3,DO,M,37,62
26151,6,11,1997,20,PE,M,19,18
14184,2,22,1988,11,DM,M,35,33
27779,5,2,1998,19,PB,M,27,39
27196,11,22,1997,12,DM,M,36,41
26589,7,29,1997,20,PP,F,22,17
30068,12,5,1999,2,PB,M,27,38
414,11,14,1977,8,DO,F,34,39
15485,1,11,1989,7,PE,F,20,19
21064,8,20,1993,15,PF,M,15,8
1126,8,4,1978,20,PP,F,22,13
34783,10,5,2002,2,NL,M,36,226
21869,10,13,1994,8,DM,F,37,48
32542,8,26,2001,8,PB,F,27,32
29447,4,17,1999,12,OT,F,20,25
18829,7,12,1991,7,RM,F,14,13
35235,12,7,2002,19,PB,F,26,32
33535,2,10,2002,13,PF,F,15,7
10107,3,17,1985,13,DM,M,36,39
35016,11,9,2002,18,PB,F,25,30
25117,2,9,1997,3,DM,F,36,39
26732,7,30,1997,10,RM,M,17,14
32878,10,13,2001,21,PB,F,26,26
29834,9,11,1999,24,NL,F,32,164
2587,3,9,1980,24,DM,F,NA,53
10068,3,16,1985,14,OL,F,20,34
17662,7,21,1990,18,NL,F,30,66
32752,9,23,2001,9,PP,M,22,24
8311,9,10,1983,22,DS,M,52,130
10341,4,21,1985,5,DO,F,34,50
30406,2,6,2000,13,PB,F,25,42
2356,1,16,1980,15,DM,F,34,39
29155,1,17,1999,7,NA,NA,NA,NA
4960,11,22,1981,21,OT,F,22,35
26546,7,29,1997,7,PB,M,27,37
17731,7,22,1990,9,DM,F,37,40
34922,10,6,2002,8,DO,F,37,56
10838,10,12,1985,21,DM,M,37,49
15236,12,14,1988,9,DM,M,35,37
7249,1,13,1983,9,DO,M,36,44
28604,9,20,1998,13,PB,F,26,31
2702,3,9,1980,12,DM,M,NA,56
7484,3,14,1983,24,RM,M,17,11
1205,9,3,1978,8,DS,F,52,122
27298,12,28,1997,1,DO,M,37,56
25563,4,13,1997,11,DO,M,32,51
90,8,20,1977,18,DM,M,35,29
18489,3,13,1991,1,DO,M,35,57
34454,7,13,2002,19,PB,M,28,49
3854,1,31,1981,12,DM,M,37,46
17988,11,10,1990,7,RM,F,17,13
10434,5,24,1985,5,DM,M,36,48
693,3,12,1978,21,OT,M,NA,NA
29754,6,12,1999,21,PB,F,26,29
29644,5,16,1999,6,OT,M,20,30
33666,3,14,2002,6,NL,F,33,188
34333,6,16,2002,11,PP,F,22,10
31259,8,25,2000,20,PB,F,26,22
19093,9,11,1991,13,PP,F,22,15
34393,6,16,2002,15,PP,F,22,19
27592,3,1,1998,12,DM,F,35,NA
6994,11,21,1982,14,DM,M,36,43
18985,8,8,1991,8,DM,F,36,26
4352,4,6,1981,13,DS,F,NA,110
13887,1,23,1988,21,RM,F,16,9
7561,3,15,1983,5,DM,F,36,44
22578,8,26,1995,22,PP,F,23,21
29994,11,6,1999,24,NL,F,32,165
27367,12,29,1997,16,PM,F,20,18
32438,8,25,2001,22,PB,F,27,27
12179,1,31,1987,14,OL,M,20,32
8286,9,10,1983,18,DM,M,37,42
8020,6,18,1983,9,PP,F,21,18
33108,11,17,2001,23,PE,M,20,23
30166,1,8,2000,1,PP,M,23,19
15399,1,11,1989,3,RM,M,17,10
7237,1,12,1983,23,NA,NA,NA,NA
20875,5,23,1993,8,DO,M,37,34
8145,7,17,1983,15,OL,F,20,32
5069,11,23,1981,13,NL,M,NA,NA
26045,6,10,1997,12,DO,M,39,59
10493,6,16,1985,13,DM,M,36,44
6201,7,25,1982,2,DO,M,NA,46
18687,5,14,1991,3,BA,F,11,8
9220,5,27,1984,18,NL,M,32,130
20724,3,17,1993,1,DO,F,32,52
9287,7,3,1984,12,AB,NA,NA,NA
31515,11,25,2000,2,DM,F,35,43
11634,7,3,1986,22,DM,M,35,46
6963,11,21,1982,20,DM,F,38,41
35193,12,7,2002,1,PB,M,26,14
17152,2,24,1990,12,OL,F,21,33
27690,3,29,1998,2,PP,M,21,18
22540,8,26,1995,12,DM,M,38,57
32883,10,13,2001,21,PB,F,27,30
6388,8,15,1982,11,DM,M,35,46
22429,6,28,1995,4,DM,F,35,40
21469,3,12,1994,6,PF,M,16,7
8805,12,9,1983,6,OT,F,21,28
23017,12,2,1995,24,RM,F,17,11
7513,3,14,1983,12,DM,F,34,42
10716,8,20,1985,2,DM,F,35,38
6423,8,15,1982,22,PF,M,15,6
33496,2,10,2002,4,DO,F,34,45
8693,12,8,1983,16,RM,F,17,8
19011,8,8,1991,11,DM,M,37,53
15105,11,6,1988,9,DM,M,36,49
15764,3,13,1989,2,DO,M,36,55
32806,10,13,2001,1,PB,F,26,27
164,9,11,1977,22,DM,F,36,36
17567,5,25,1990,3,PF,F,15,7
27615,3,2,1998,14,DM,F,35,NA
